日付,曜日,送迎区分,送迎職員,介助者,送迎方法,車番,点呼確認による異常,利用者,開始時刻,終了時刻,備考
2025-03-01,土,夕迎え,只津,溝口,車,707,なし,①石神陽菜 ②武田日茉莉 ③溝口一花 ④鈴木応介 ⑤入矢瑠々子 ⑥園田葵,17:30,18:40,
2025-03-01,土,朝送り,只津,溝口,車,707,なし,①石神陽菜 ②入矢瑠々子 ③溝口一花 ④鈴木応介 ⑤武田日茉莉 ⑥園田葵,7:50,8:40,
2025-03-01,土,昼送り,只津,溝口,車,707,なし,①入矢瑠々子,12:40,13:20,
2025-03-02,日,夕迎え,只津,溝口,車,707,なし,①鈴木応介,17:40,18:30,
2025-03-02,日,朝送り,只津,溝口,車,707,なし,①鈴木応介,7:40,8:40,
2025-03-03,月,夕迎え,只津,溝口,車,707,なし,①林夏渚 ②林大希 ③溝口一花 ④入矢瑠々子 ⑤園田葵 ⑥園田柚真,17:40,18:40,
2025-03-03,月,朝送り,只津,溝口,車,707,なし,①入矢瑠々子 ②溝口一花 ③林大希 ④林夏渚 ⑤園田葵 ⑥園田柚真,7:45,8:45,
2025-03-03,月,昼送り,只津,溝口,車,707,なし,①溝口一花 ②林夏渚,12:40,13:20,
2025-03-04,火,夕迎え,只津,溝口,車,707,なし,①入矢瑠々子 ②溝口一花 ③林大希 ④林夏渚 ⑤園田柚真 ⑥寺田菫 ⑦園田葵,17:30,18:40,
2025-03-04,火,朝送り,只津,溝口,車,707,なし,①林大希 ②入矢瑠々子 ③寺田菫 ④園田柚真 ⑤園田葵,7:40,8:45,
2025-03-04,火,昼送り,只津,溝口,車,707,なし,①溝口一花 ②林夏渚 ③入矢瑠々子,12:40,13:20,
2025-03-05,水,夕迎え,只津,溝口,車,707,なし,①寺田菫,17:35,18:40,
2025-03-05,水,朝送り,只津,溝口,車,707,なし,①寺田菫,7:50,8:45,
2025-03-07,金,夕迎え,只津,溝口,車,707,なし,①林夏渚 ②石神陽菜 ③林大希 ④溝口一花 ⑤入矢瑠々子 ⑥園田葵,17:35,18:40,
2025-03-07,金,朝送り,只津,溝口,車,707,なし,①石神陽菜 ②林夏渚 ③溝口一花 ④林大希 ⑤入矢瑠々子 ⑥園田葵,7:50,8:40,
2025-03-07,金,昼送り,只津,溝口,車,707,なし,①林夏渚,12:40,13:20,
2025-03-08,土,夕迎え,只津,溝口,車,707,なし,①森田さつき ②溝口一花 ③森田さくら ④鈴木応介 ⑤石神陽菜 ⑥林大希 ⑦森田佳代 ⑧森田あやめ ⑨入矢瑠々子 ⑩林夏渚 ⑪園田葵,17:35,18:40,
2025-03-08,土,朝送り,只津,溝口,車,707,なし,①入矢瑠々子 ②森田あやめ ③森田さくら ④溝口一花 ⑤鈴木応介 ⑥林大希 ⑦林夏渚 ⑧森田さつき ⑨石神陽菜 ⑩園田葵,7:50,8:40,
2025-03-08,土,昼送り,只津,溝口,車,707,なし,①森田あやめ ②森田さくら ③入矢瑠々子 ④森田佳代 ⑤林夏渚 ⑥森田さつき,12:40,13:20,
2025-03-09,日,夕迎え,只津,溝口,車,707,なし,①森田あやめ ②鈴木応介 ③溝口一花 ④森田さくら ⑤森田さつき ⑥森田佳代,17:30,18:20,
2025-03-09,日,朝送り,只津,溝口,車,707,なし,①鈴木応介 ②溝口一花 ③森田さつき ④森田佳代 ⑤森田さくら,7:40,8:40,
2025-03-09,日,昼送り,只津,溝口,車,707,なし,①森田佳代 ②森田さくら ③森田あやめ ④森田さつき ⑤溝口一花,12:40,13:20,
2025-03-10,月,夕迎え,只津,溝口,車,707,なし,①寺田菫,17:35,18:40,
2025-03-10,月,朝送り,只津,溝口,車,707,なし,①寺田菫,7:50,8:45,
2025-03-11,火,夕迎え,只津,溝口,車,707,なし,①寺田菫,17:30,18:40,
2025-03-11,火,朝送り,只津,溝口,車,707,なし,①寺田菫,7:45,8:40,
2025-03-12,水,夕迎え,只津,溝口,車,707,なし,①外越菜々 ②鈴木応介 ③溝口一花 ④富永日向 ⑤園田柚真 ⑥園田葵,17:40,18:40,
2025-03-12,水,朝送り,只津,溝口,車,707,なし,①溝口一花 ②外越菜々 ③富永日向 ④鈴木応介 ⑤園田葵 ⑥園田柚真,7:50,8:45,
2025-03-12,水,昼送り,只津,溝口,車,707,なし,①溝口一花 ②外越菜々,12:40,13:20,
2025-03-13,木,夕迎え,只津,溝口,車,707,なし,①富永日向 ②溝口一花 ③鈴木応介 ④外越菜々 ⑤園田葵 ⑥園田柚真,17:40,18:40,
2025-03-13,木,朝送り,只津,溝口,車,707,なし,①富永日向 ②外越菜々 ③溝口一花 ④鈴木応介 ⑤園田柚真 ⑥園田葵,7:45,8:45,
2025-03-13,木,昼送り,只津,溝口,車,707,なし,①溝口一花,12:40,13:20,
2025-03-14,金,夕迎え,只津,溝口,車,707,なし,①林夏渚 ②入矢瑠々子 ③溝口一花 ④林大希 ⑤石神陽菜 ⑥園田葵,17:40,18:40,
2025-03-14,金,朝送り,只津,溝口,車,707,なし,①石神陽菜 ②林夏渚 ③溝口一花 ④林大希 ⑤入矢瑠々子 ⑥園田葵,7:40,8:45,
2025-03-14,金,昼送り,只津,溝口,車,707,なし,①石神陽菜 ②入矢瑠々子 ③林夏渚,12:40,13:20,
2025-03-15,土,夕迎え,只津,溝口,車,707,なし,①川嶋歓大 ②鈴木応介 ③林夏渚 ④富永日向 ⑤山田壮一郎 ⑥溝口一花 ⑦林大希 ⑧入矢瑠々子 ⑨石神陽菜 ⑩園田葵,17:40,18:40,
2025-03-15,土,朝送り,只津,溝口,車,707,なし,①石神陽菜 ②鈴木応介 ③林大希 ④入矢瑠々子 ⑤溝口一花 ⑥山田壮一郎 ⑦富永日向 ⑧川嶋歓大 ⑨林夏渚 ⑩園田葵,7:45,8:40,
2025-03-15,土,昼送り,只津,溝口,車,707,なし,①溝口一花 ②川嶋歓大 ③入矢瑠々子,12:40,13:20,
2025-03-16,日,夕迎え,只津,溝口,車,707,なし,①山田壮一郎 ②鈴木応介 ③富永日向 ④川嶋歓大,17:30,18:40,
2025-03-16,日,朝送り,只津,溝口,車,707,なし,①山田壮一郎 ②鈴木応介 ③富永日向,7:50,8:45,
2025-03-16,日,昼送り,只津,溝口,車,707,なし,①山田壮一郎 ②鈴木応介 ③川嶋歓大 ④富永日向,12:40,13:20,
2025-03-17,月,夕迎え,只津,溝口,車,707,なし,①石神陽菜 ②溝口一花 ③入矢瑠々子 ④園田葵 ⑤園田柚真 ⑥寺田菫,17:35,18:40,
2025-03-17,月,朝送り,只津,溝口,車,707,なし,①入矢瑠々子 ②溝口一花 ③石神陽菜 ④園田葵 ⑤寺田菫 ⑥園田柚真,7:50,8:45,
2025-03-17,月,昼送り,只津,溝口,車,707,なし,①溝口一花,12:40,13:20,
2025-03-18,火,夕迎え,只津,溝口,車,707,なし,①入矢瑠々子 ②石神陽菜 ③溝口一花 ④園田柚真 ⑤寺田菫 ⑥園田葵,17:30,18:40,
2025-03-18,火,朝送り,只津,溝口,車,707,なし,①溝口一花 ②石神陽菜 ③入矢瑠々子 ④寺田菫 ⑤園田葵 ⑥園田柚真,7:40,8:40,
2025-03-18,火,昼送り,只津,溝口,車,707,なし,①溝口一花 ②入矢瑠々子 ③石神陽菜,12:40,13:20,
2025-03-21,金,夕迎え,只津,溝口,車,707,なし,①林夏渚 ②武田日茉莉 ③林大希 ④溝口一花 ⑤入矢瑠々子 ⑥園田葵,17:30,18:40,
2025-03-21,金,朝送り,只津,溝口,車,707,なし,①林大希 ②武田日茉莉 ③林夏渚 ④溝口一花 ⑤入矢瑠々子 ⑥園田葵,7:50,8:40,
2025-03-21,金,昼送り,只津,溝口,車,707,なし,①林夏渚,12:40,13:20,
2025-03-22,土,夕迎え,只津,溝口,車,707,なし,①入矢瑠々子 ②溝口一花 ③川嶋歓大 ④鈴木応介 ⑤山田壮一郎 ⑥林夏渚 ⑦武田日茉莉 ⑧林大希 ⑨園田葵,17:30,18:40,
2025-03-22,土,朝送り,只津,溝口,車,707,なし,①武田日茉莉 ②林夏渚 ③入矢瑠々子 ④川嶋歓大 ⑤溝口一花 ⑥林大希 ⑦鈴木応介 ⑧園田葵,7:50,8:45,
2025-03-22,土,昼送り,只津,溝口,車,707,なし,①林夏渚 ②武田日茉莉,12:40,13:20,
2025-03-23,日,夕迎え,只津,溝口,車,707,なし,①山田壮一郎 ②鈴木応介 ③川嶋歓大,17:35,18:40,
2025-03-23,日,朝送り,只津,溝口,車,707,なし,①川嶋歓大 ②鈴木応介 ③山田壮一郎,7:40,8:45,
2025-03-23,日,昼送り,只津,溝口,車,707,なし,①山田壮一郎 ②川嶋歓大,12:40,13:20,
2025-03-24,月,夕迎え,只津,溝口,車,707,なし,①溝口一花 ②石神陽菜 ③富永日向 ④寺田菫,17:30,18:40,
2025-03-24,月,朝送り,只津,溝口,車,707,なし,①石神陽菜 ②溝口一花 ③富永日向 ④寺田菫,7:40,8:45,
2025-03-24,月,昼送り,只津,溝口,車,707,なし,①溝口一花,12:40,13:20,
2025-03-25,火,夕迎え,只津,溝口,車,707,なし,①石神陽菜 ②溝口一花 ③富永日向 ④寺田菫,17:35,18:40,
2025-03-25,火,朝送り,只津,溝口,車,707,なし,①溝口一花 ②石神陽菜 ③富永日向 ④寺田菫,7:45,8:40,
2025-03-25,火,昼送り,只津,溝口,車,707,なし,①石神陽菜 ②溝口一花,12:40,13:20,
2025-03-26,水,夕迎え,只津,溝口,車,707,なし,①富永日向 ②外越菜々 ③溝口一花 ④園田葵 ⑤園田柚真,17:30,18:40,
2025-03-26,水,朝送り,只津,溝口,車,707,なし,①溝口一花 ②富永日向 ③外越菜々 ④園田柚真 ⑤園田葵,7:45,8:40,
2025-03-26,水,昼送り,只津,溝口,車,707,なし,①外越菜々 ②溝口一花 ③園田葵,12:40,13:20,
2025-03-27,木,夕迎え,只津,溝口,車,707,なし,①武田日茉莉 ②富永日向 ③溝口一花 ④外越菜々 ⑤園田葵 ⑥園田柚真,17:35,18:40,
2025-03-27,木,朝送り,只津,溝口,車,707,なし,①外越菜々 ②溝口一花 ③富永日向 ④武田日茉莉 ⑤園田柚真 ⑥園田葵,7:50,8:45,
2025-03-27,木,昼送り,只津,溝口,車,707,なし,①溝口一花 ②園田葵,12:40,13:20,
2025-03-28,金,夕迎え,只津,溝口,車,707,なし,①林大希 ②入矢瑠々子 ③武田日茉莉 ④溝口一花 ⑤林夏渚 ⑥寺田菫 ⑦園田葵,17:40,18:40,
2025-03-28,金,朝送り,只津,溝口,車,707,なし,①溝口一花 ②林夏渚 ③林大希 ④入矢瑠々子 ⑤寺田菫 ⑥園田葵,7:40,8:45,
2025-03-28,金,昼送り,只津,溝口,車,707,なし,①林夏渚,12:40,13:20,
2025-03-29,土,夕迎え,只津,溝口,車,707,なし,①溝口一花 ②林夏渚 ③山田壮一郎 ④入矢瑠々子 ⑤富永日向 ⑥鈴木応介 ⑦林大希 ⑧寺田菫 ⑨園田葵,17:30,18:40,
2025-03-29,土,朝送り,只津,溝口,車,707,なし,①鈴木応介 ②山田壮一郎 ③溝口一花 ④林夏渚 ⑤富永日向 ⑥入矢瑠々子 ⑦林大希 ⑧寺田菫 ⑨園田葵,7:50,8:40,
2025-03-29,土,昼送り,只津,溝口,車,707,なし,①入矢瑠々子 ②林夏渚,12:40,13:20,
2025-03-30,日,夕迎え,只津,溝口,車,707,なし,①富永日向 ②山田壮一郎 ③鈴木応介,17:35,18:20,
2025-03-30,日,朝送り,只津,溝口,車,707,なし,①富永日向 ②山田壮一郎 ③鈴木応介,7:40,8:45,
2025-03-30,日,昼送り,只津,溝口,車,707,なし,①富永日向 ②山田壮一郎,12:40,13:20,
2025-04-01,火,夕迎え,只津,溝口,車,707,なし,①林夏渚 ②富永日向 ③小野凌来 ④櫻井斗麻 ⑤外越菜々 ⑥溝口一花,17:30,18:20,
2025-04-01,火,朝送り,只津,溝口,車,707,なし,①林夏渚 ②溝口一花 ③小野凌来 ④櫻井斗麻 ⑤外越菜々 ⑥富永日向,7:40,8:40,
2025-04-01,火,昼送り,只津,溝口,車,707,なし,①櫻井斗麻 ②溝口一花 ③小野凌来,12:40,13:20,
2025-04-02,水,夕迎え,只津,溝口,車,707,なし,①溝口一花 ②林夏渚 ③小野凌来 ④外越菜々 ⑤富永日向 ⑥園田柚真 ⑦園田葵,17:30,18:40,
2025-04-02,水,朝送り,只津,溝口,車,707,なし,①櫻井麻智 ②林夏渚 ③櫻井斗麻 ④富永日向 ⑤外越菜々 ⑥小野凌来 ⑦櫻井帆斗 ⑧溝口一花 ⑨園田柚真 ⑩園田葵,7:45,8:40,
2025-04-02,水,昼送り,只津,溝口,車,707,なし,①櫻井斗麻 ②小野凌来 ③外越菜々,12:40,13:20,
2025-04-03,木,夕迎え,只津,溝口,車,707,なし,①森田さくら ②櫻井麻智 ③外越菜々 ④森田脩平 ⑤森田さつき ⑥溝口一花 ⑦森田あやめ ⑧石神直都 ⑨櫻井帆斗 ⑩藤川結梨 ⑪富永日向 ⑫園田葵 ⑬園田柚真,17:35,18:40,
2025-04-03,木,朝送り,只津,溝口,車,707,なし,①藤川結梨 ②外越菜々 ③森田脩平 ④森田さくら ⑤石神直都 ⑥櫻井麻智 ⑦溝口一花 ⑧櫻井帆斗 ⑨森田あやめ ⑩園田葵 ⑪園田柚真,7:40,8:40,
2025-04-03,木,昼送り,只津,溝口,車,707,なし,①石神直都,12:40,13:20,
2025-04-04,金,夕迎え,只津,溝口,車,707,なし,①藤川結梨 ②森田脩平 ③入矢瑠々子 ④森田さくら ⑤森田さつき ⑥林夏渚 ⑦石神直都 ⑧石神陽菜 ⑨林大希 ⑩富永日向 ⑪森田あやめ ⑫園田葵,17:35,18:40,
2025-04-04,金,朝送り,只津,溝口,車,707,なし,①林夏渚 ②石神陽菜 ③入矢瑠々子 ④森田さつき ⑤森田脩平 ⑥森田さくら ⑦石神直都 ⑧富永日向 ⑨森田あやめ ⑩林大希 ⑪園田葵,7:45,8:45,
2025-04-04,金,昼送り,只津,溝口,車,707,なし,①石神直都 ②林夏渚,12:40,13:20,
2025-04-05,土,夕迎え,只津,溝口,車,707,なし,①林大希 ②鈴木応介 ③富永日向 ④石神陽菜 ⑤山田壮一郎 ⑥藤川結梨 ⑦櫻井斗麻 ⑧林夏渚 ⑨入矢瑠々子 ⑩櫻井帆斗 ⑪園田葵,17:30,18:40,
2025-04-05,土,朝送り,只津,溝口,車,707,なし,①富永日向 ②藤川結梨 ③林夏渚 ④櫻井斗麻 ⑤林大希 ⑥鈴木応介 ⑦山田壮一郎 ⑧石神陽菜 ⑨園田葵,7:40,8:45,
2025-04-06,日,夕迎え,只津,溝口,車,707,なし,①鈴木応介 ②富永日向 ③山田壮一郎 ④櫻井帆斗 ⑤藤川結梨 ⑥櫻井斗麻 ⑦森田脩平 ⑧森田さつき ⑨溝口一花 ⑩森田さくら ⑪森田あやめ,17:30,18:40,
2025-04-06,日,朝送り,只津,溝口,車,707,なし,①櫻井帆斗 ②森田さつき ③森田さくら ④森田脩平 ⑤藤川結梨 ⑥鈴木応介 ⑦櫻井斗麻 ⑧富永日向 ⑨森田あやめ ⑩溝口一花,7:50,8:40,
2025-04-06,日,昼送り,只津,溝口,車,707,なし,①山田壮一郎 ②櫻井帆斗 ③櫻井斗麻 ④藤川結梨 ⑤溝口一花,12:40,13:20,
2025-04-07,月,夕迎え,只津,溝口,車,707,なし,①森田あやめ ②森田さつき ③溝口一花 ④富永日向 ⑤森田さくら ⑥森田脩平 ⑦園田葵 ⑧寺田菫,17:40,18:40,
2025-04-07,月,朝送り,只津,溝口,車,707,なし,①櫻井斗麻 ②森田脩平 ③富永日向 ④溝口一花 ⑤櫻井麻智 ⑥森田さつき ⑦森田さくら ⑧森田あやめ ⑨櫻井帆斗 ⑩寺田菫 ⑪園田葵,7:50,8:40,
2025-04-07,月,昼送り,只津,溝口,車,707,なし,①櫻井斗麻,12:40,13:20,
2025-04-08,火,夕迎え,只津,溝口,車,707,なし,①櫻井麻智 ②石神陽菜 ③櫻井帆斗 ④外越菜々 ⑤櫻井斗麻 ⑥小野凌来 ⑦富永日向 ⑧松岡龍之介 ⑨溝口一花 ⑩林夏渚 ⑪藤川結梨 ⑫園田葵 ⑬寺田菫,17:30,18:40,
2025-04-08,火,朝送り,只津,溝口,車,707,なし,①小野凌来 ②石神陽菜 ③櫻井麻智 ④櫻井斗麻 ⑤溝口一花 ⑥藤川結梨 ⑦外越菜々 ⑧松岡龍之介 ⑨林夏渚 ⑩櫻井帆斗 ⑪富永日向 ⑫寺田菫 ⑬園田葵,7:50,8:40,
2025-04-08,火,昼送り,只津,溝口,車,707,なし,①石神陽菜 ②小野凌来 ③櫻井斗麻 ④溝口一花 ⑤林夏渚,12:40,13:20,
2025-04-09,水,夕迎え,只津,溝口,車,707,なし,①小野凌来 ②藤川結梨 ③外越菜々 ④林夏渚 ⑤石神陽菜 ⑥溝口一花 ⑦松岡龍之介 ⑧園田柚真 ⑨園田葵,17:35,18:40,
2025-04-09,水,朝送り,只津,溝口,車,707,なし,①藤川結梨 ②松岡龍之介 ③溝口一花 ④小野凌来 ⑤外越菜々 ⑥林夏渚 ⑦櫻井帆斗 ⑧石神陽菜 ⑨櫻井麻智 ⑩園田柚真 ⑪園田葵,7:40,8:40,
2025-04-09,水,昼送り,只津,溝口,車,707,なし,①小野凌来 ②外越菜々 ③石神陽菜,12:40,13:20,
2025-04-10,木,夕迎え,只津,溝口,車,707,なし,①森田あやめ ②森田さくら ③森田脩平 ④森田佳代 ⑤森田さつき ⑥松岡龍之介 ⑦櫻井帆斗 ⑧溝口一花 ⑨林夏渚 ⑩石神直都 ⑪櫻井麻智 ⑫小野凌来 ⑬富永日向 ⑭園田葵 ⑮園田柚真,17:40,18:40,
2025-04-10,木,朝送り,只津,溝口,車,707,なし,①森田あやめ ②石神直都 ③富永日向 ④小野凌来 ⑤森田佳代 ⑥櫻井麻智 ⑦森田脩平 ⑧林夏渚 ⑨櫻井帆斗 ⑩溝口一花 ⑪松岡龍之介 ⑫園田柚真 ⑬園田葵,7:45,8:45,
2025-04-10,木,昼送り,只津,溝口,車,707,なし,①小野凌来 ②石神直都,12:40,13:20,
2025-04-11,金,夕迎え,只津,溝口,車,707,なし,①林夏渚 ②石神陽菜 ③林大希 ④森田脩平 ⑤森田佳代 ⑥松岡龍之介 ⑦森田あやめ ⑧森田さくら ⑨石神直都 ⑩小野凌来 ⑪富永日向 ⑫森田さつき ⑬園田葵,17:40,18:40,
2025-04-11,金,朝送り,只津,溝口,車,707,なし,①森田さくら ②森田あやめ ③富永日向 ④石神陽菜 ⑤林大希 ⑥石神直都 ⑦小野凌来 ⑧森田さつき ⑨林夏渚 ⑩森田佳代 ⑪園田葵,7:50,8:40,
2025-04-11,金,昼送り,只津,溝口,車,707,なし,①林夏渚 ②石神直都 ③小野凌来,12:40,13:20,
2025-04-12,土,夕迎え,只津,溝口,車,707,なし,①富永日向 ②林夏渚 ③櫻井斗麻 ④林大希 ⑤櫻井麻智 ⑥鈴木応介 ⑦石神陽菜 ⑧松岡龍之介 ⑨園田葵,17:30,18:40,
2025-04-12,土,朝送り,只津,溝口,車,707,なし,①櫻井斗麻 ②林夏渚 ③櫻井麻智 ④鈴木応介 ⑤林大希 ⑥松岡龍之介 ⑦富永日向 ⑧石神陽菜 ⑨園田葵,7:45,8:45,
2025-04-13,日,夕迎え,只津,溝口,車,707,なし,①松岡龍之介 ②櫻井斗麻 ③富永日向 ④鈴木応介 ⑤溝口一花 ⑥櫻井麻智,17:35,18:20,
2025-04-13,日,朝送り,只津,溝口,車,707,なし,①溝口一花 ②櫻井斗麻 ③櫻井麻智 ④鈴木応介 ⑤松岡龍之介,7:40,8:40,
2025-04-13,日,昼送り,只津,溝口,車,707,なし,①櫻井斗麻 ②櫻井麻智 ③溝口一花,12:40,13:20,
2025-04-14,月,夕迎え,只津,溝口,車,707,なし,①林大希 ②富永日向 ③溝口一花 ④寺田菫,17:30,18:40,
2025-04-14,月,朝送り,只津,溝口,車,707,なし,①櫻井斗麻 ②櫻井帆斗 ③溝口一花 ④林大希 ⑤富永日向 ⑥櫻井麻智 ⑦寺田菫,7:50,8:40,
2025-04-14,月,昼送り,只津,溝口,車,707,なし,①櫻井斗麻 ②溝口一花,12:40,13:20,
2025-04-15,火,夕迎え,只津,溝口,車,707,なし,①櫻井帆斗 ②櫻井麻智 ③林大希 ④松岡龍之介 ⑤櫻井斗麻 ⑥富永日向 ⑦寺田菫,17:40,18:40,
2025-04-15,火,朝送り,只津,溝口,車,707,なし,①櫻井斗麻 ②櫻井麻智 ③松岡龍之介 ④林大希 ⑤櫻井帆斗 ⑥富永日向 ⑦寺田菫,7:50,8:45,
2025-04-15,火,昼送り,只津,溝口,車,707,なし,①櫻井斗麻,12:40,13:20,
2025-04-16,水,夕迎え,只津,溝口,車,707,なし,①溝口一花 ②松岡龍之介 ③外越菜々 ④園田柚真 ⑤園田葵,17:30,18:40,
2025-04-16,水,朝送り,只津,溝口,車,707,なし,①溝口一花 ②外越菜々 ③松岡龍之介 ④櫻井麻智 ⑤櫻井帆斗 ⑥園田葵 ⑦園田柚真,7:45,8:40,
2025-04-16,水,昼送り,只津,溝口,車,707,なし,①外越菜々,12:40,13:20,
2025-04-17,木,夕迎え,只津,溝口,車,707,なし,①森田佳代 ②櫻井麻智 ③外越菜々 ④松岡龍之介 ⑤溝口一花 ⑥石神直都 ⑦櫻井帆斗 ⑧富永日向 ⑨園田葵 ⑩園田柚真,17:30,18:40,
2025-04-17,木,朝送り,只津,溝口,車,707,なし,①石神直都 ②外越菜々 ③櫻井帆斗 ④溝口一花 ⑤森田佳代 ⑥富永日向 ⑦松岡龍之介 ⑧櫻井麻智 ⑨園田柚真 ⑩園田葵,7:50,8:40,
2025-04-17,木,昼送り,只津,溝口,車,707,なし,①石神直都,12:40,13:20,
2025-04-18,金,夕迎え,只津,溝口,車,707,なし,①石神陽菜 ②林大希 ③石神直都 ④森田佳代 ⑤富永日向 ⑥林夏渚 ⑦松岡龍之介 ⑧園田葵,17:35,18:40,
2025-04-18,金,朝送り,只津,溝口,車,707,なし,①林大希 ②石神直都 ③富永日向 ④石神陽菜 ⑤松岡龍之介 ⑥森田佳代 ⑦林夏渚 ⑧園田葵,7:50,8:45,
2025-04-18,金,昼送り,只津,溝口,車,707,なし,①林夏渚 ②石神直都,12:40,13:20,
2025-04-19,土,夕迎え,只津,溝口,車,707,なし,①林大希 ②石神陽菜 ③石神直都 ④鈴木応介 ⑤松岡龍之介 ⑥林夏渚 ⑦櫻井斗麻 ⑧山田壮一郎 ⑨富永日向 ⑩園田葵,17:30,18:40,
2025-04-19,土,朝送り,只津,溝口,車,707,なし,①山田壮一郎 ②富永日向 ③石神陽菜 ④石神直都 ⑤鈴木応介 ⑥林夏渚 ⑦櫻井斗麻 ⑧松岡龍之介 ⑨林大希 ⑩園田葵,7:40,8:40,
2025-04-19,土,昼送り,只津,溝口,車,707,なし,①石神直都,12:40,13:20,
2025-04-20,日,夕迎え,只津,溝口,車,707,なし,①松岡龍之介 ②櫻井斗麻 ③溝口一花 ④富永日向 ⑤山田壮一郎 ⑥鈴木応介,17:35,18:20,
2025-04-20,日,朝送り,只津,溝口,車,707,なし,①櫻井斗麻 ②山田壮一郎 ③鈴木応介 ④溝口一花 ⑤松岡龍之介 ⑥富永日向,7:40,8:40,
2025-04-20,日,昼送り,只津,溝口,車,707,なし,①櫻井斗麻 ②山田壮一郎 ③溝口一花,12:40,13:20,
2025-04-21,月,夕迎え,只津,溝口,車,707,なし,①松岡龍之介 ②溝口一花 ③林夏渚 ④寺田菫,17:40,18:40,
2025-04-21,月,朝送り,只津,溝口,車,707,なし,①櫻井斗麻 ②櫻井帆斗 ③松岡龍之介 ④櫻井麻智 ⑤林夏渚 ⑥溝口一花 ⑦寺田菫,7:45,8:40,
2025-04-21,月,昼送り,只津,溝口,車,707,なし,①櫻井麻智 ②櫻井斗麻,12:40,13:20,
2025-04-22,火,夕迎え,只津,溝口,車,707,なし,①溝口一花 ②富永日向 ③櫻井斗麻 ④松岡龍之介 ⑤櫻井帆斗 ⑥林夏渚 ⑦櫻井麻智 ⑧寺田菫,17:40,18:40,
2025-04-22,火,朝送り,只津,溝口,車,707,なし,①櫻井帆斗 ②櫻井麻智 ③林夏渚 ④溝口一花 ⑤櫻井斗麻 ⑥松岡龍之介 ⑦寺田菫,7:40,8:45,
2025-04-22,火,昼送り,只津,溝口,車,707,なし,①溝口一花,12:40,13:20,
2025-04-23,水,夕迎え,只津,溝口,車,707,なし,①富永日向 ②溝口一花 ③松岡龍之介 ④園田葵 ⑤園田柚真,17:30,18:40,
2025-04-23,水,朝送り,只津,溝口,車,707,なし,①溝口一花 ②櫻井帆斗 ③櫻井麻智 ④松岡龍之介 ⑤富永日向 ⑥園田柚真 ⑦園田葵,7:40,8:45,
2025-04-24,木,夕迎え,只津,溝口,車,707,なし,①富永日向 ②櫻井麻智 ③外越菜々 ④松岡龍之介 ⑤森田佳代 ⑥櫻井帆斗 ⑦溝口一花 ⑧櫻井斗麻 ⑨園田柚真 ⑩園田葵,17:30,18:40,
2025-04-24,木,朝送り,只津,溝口,車,707,なし,①櫻井斗麻 ②松岡龍之介 ③富永日向 ④森田佳代 ⑤溝口一花 ⑥櫻井麻智 ⑦外越菜々 ⑧櫻井帆斗 ⑨園田柚真 ⑩園田葵,7:50,8:40,
2025-04-24,木,昼送り,只津,溝口,車,707,なし,①櫻井斗麻,12:40,13:20,
2025-04-25,金,夕迎え,只津,溝口,車,707,なし,①林夏渚 ②森田佳代 ③石神陽菜 ④外越菜々 ⑤松岡龍之介 ⑥富永日向 ⑦林大希 ⑧櫻井斗麻 ⑨園田葵,17:30,18:40,
2025-04-25,金,朝送り,只津,溝口,車,707,なし,①林大希 ②富永日向 ③森田佳代 ④櫻井斗麻 ⑤外越菜々 ⑥石神陽菜 ⑦松岡龍之介 ⑧林夏渚 ⑨園田葵,7:50,8:40,
2025-04-25,金,昼送り,只津,溝口,車,707,なし,①林夏渚,12:40,13:20,
2025-04-26,土,夕迎え,只津,溝口,車,707,なし,①富永日向 ②松岡龍之介 ③林大希 ④鈴木応介 ⑤櫻井斗麻 ⑥林夏渚 ⑦石神陽菜 ⑧園田葵,17:35,18:40,
2025-04-26,土,朝送り,只津,溝口,車,707,なし,①櫻井斗麻 ②鈴木応介 ③富永日向 ④松岡龍之介 ⑤林夏渚 ⑥石神陽菜 ⑦林大希 ⑧園田葵,7:50,8:45,
2025-04-27,日,夕迎え,只津,溝口,車,707,なし,①櫻井斗麻 ②松岡龍之介 ③鈴木応介,17:40,18:40,
2025-04-27,日,朝送り,只津,溝口,車,707,なし,①松岡龍之介 ②鈴木応介 ③櫻井斗麻,7:50,8:40,
2025-04-27,日,昼送り,只津,溝口,車,707,なし,①櫻井斗麻,12:40,13:20,
2025-04-28,月,夕迎え,只津,溝口,車,707,なし,①富永日向 ②溝口一花 ③松岡龍之介 ④寺田菫,17:30,18:40,
2025-04-28,月,朝送り,只津,溝口,車,707,なし,①富永日向 ②溝口一花 ③松岡龍之介 ④櫻井帆斗 ⑤櫻井麻智 ⑥櫻井斗麻 ⑦寺田菫,7:45,8:40,
2025-04-28,月,昼送り,只津,溝口,車,707,なし,①櫻井斗麻,12:40,13:20,
2025-04-29,火,夕迎え,只津,溝口,車,707,なし,①櫻井帆斗 ②富永日向 ③櫻井斗麻 ④櫻井麻智 ⑤溝口一花 ⑥寺田菫,17:40,18:40,
2025-04-29,火,朝送り,只津,溝口,車,707,なし,①溝口一花 ②櫻井帆斗 ③櫻井麻智 ④櫻井斗麻 ⑤富永日向 ⑥寺田菫,7:40,8:40,
2025-04-29,火,昼送り,只津,溝口,車,707,なし,①櫻井斗麻,12:40,13:20,
2025-04-30,水,夕迎え,只津,溝口,車,707,なし,①外越菜々 ②溝口一花 ③園田葵 ④園田柚真,17:30,18:40,
2025-04-30,水,朝送り,只津,溝口,車,707,なし,①溝口一花 ②櫻井麻智 ③外越菜々 ④櫻井帆斗 ⑤園田葵 ⑥園田柚真,7:45,8:40,
2025-04-30,水,昼送り,只津,溝口,車,707,なし,①外越菜々,12:40,13:20,
2025-05-01,木,夕迎え,只津,溝口,車,707,なし,①櫻井麻智 ②櫻井帆斗 ③溝口一花 ④園田柚真,17:30,18:40,
2025-05-01,木,朝送り,只津,溝口,車,707,なし,①櫻井帆斗 ②櫻井麻智 ③溝口一花 ④園田柚真,7:40,8:40,
2025-05-02,金,夕迎え,只津,溝口,車,707,なし,①溝口一花 ②藤川結梨 ③林大希 ④石神直都 ⑤富永日向 ⑥石神陽菜 ⑦林夏渚 ⑧園田葵,17:30,18:40,
2025-05-02,金,朝送り,只津,溝口,車,707,なし,①溝口一花 ②石神陽菜 ③林大希 ④石神直都 ⑤林夏渚 ⑥藤川結梨 ⑦富永日向 ⑧園田葵,7:50,8:40,
2025-05-02,金,昼送り,只津,溝口,車,707,なし,①林夏渚 ②石神直都,12:40,13:20,
2025-05-03,土,夕迎え,只津,溝口,車,707,なし,①石神陽菜 ②林夏渚 ③藤川結梨 ④富永日向 ⑤林大希 ⑥石神直都 ⑦鈴木応介 ⑧櫻井斗麻 ⑨園田葵,17:35,18:40,
2025-05-03,土,朝送り,只津,溝口,車,707,なし,①鈴木応介 ②石神陽菜 ③櫻井斗麻 ④富永日向 ⑤林大希 ⑥藤川結梨 ⑦林夏渚 ⑧石神直都 ⑨園田葵,7:40,8:45,
2025-05-03,土,昼送り,只津,溝口,車,707,なし,①石神直都,12:40,13:20,
2025-05-04,日,夕迎え,只津,溝口,車,707,なし,①富永日向 ②林夏渚 ③鈴木応介 ④櫻井斗麻,17:30,18:40,
2025-05-04,日,朝送り,只津,溝口,車,707,なし,①林夏渚 ②富永日向 ③櫻井斗麻 ④鈴木応介,7:45,8:40,
2025-05-04,日,昼送り,只津,溝口,車,707,なし,①富永日向 ②林夏渚 ③櫻井斗麻,12:40,13:20,
2025-05-05,月,夕迎え,只津,溝口,車,707,なし,①富永日向 ②林夏渚 ③溝口一花 ④寺田菫,17:40,18:40,
2025-05-05,月,朝送り,只津,溝口,車,707,なし,①溝口一花 ②櫻井斗麻 ③櫻井帆斗 ④櫻井麻智 ⑤富永日向 ⑥林夏渚 ⑦寺田菫,7:45,8:40,
2025-05-05,月,昼送り,只津,溝口,車,707,なし,①櫻井斗麻 ②林夏渚,12:40,13:20,
2025-05-06,火,夕迎え,只津,溝口,車,707,なし,①溝口一花 ②櫻井斗麻 ③櫻井帆斗 ④櫻井麻智 ⑤富永日向 ⑥寺田菫,17:40,18:40,
2025-05-06,火,朝送り,只津,溝口,車,707,なし,①富永日向 ②溝口一花 ③櫻井麻智 ④櫻井帆斗 ⑤櫻井斗麻,7:40,8:45,
2025-05-06,火,昼送り,只津,溝口,車,707,なし,①櫻井斗麻,12:40,13:20,
2025-05-07,水,夕迎え,只津,溝口,車,707,なし,①林夏渚 ②富永日向 ③溝口一花 ④園田葵 ⑤園田柚真,17:40,18:40,
2025-05-07,水,朝送り,只津,溝口,車,707,なし,①富永日向 ②櫻井帆斗 ③櫻井麻智 ④溝口一花 ⑤林夏渚 ⑥園田柚真 ⑦園田葵,7:50,8:40,
2025-05-08,木,夕迎え,只津,溝口,車,707,なし,①櫻井帆斗 ②溝口一花 ③櫻井麻智 ④林夏渚 ⑤櫻井斗麻 ⑥園田柚真 ⑦園田葵,17:35,18:40,
2025-05-08,木,朝送り,只津,溝口,車,707,なし,①溝口一花 ②櫻井帆斗 ③櫻井麻智 ④林夏渚 ⑤櫻井斗麻 ⑥園田葵 ⑦園田柚真,7:50,8:45,
2025-05-08,木,昼送り,只津,溝口,車,707,なし,①林夏渚 ②櫻井斗麻,12:40,13:20,
2025-05-09,金,夕迎え,只津,溝口,車,707,なし,①石神直都 ②藤川結梨 ③富永日向 ④林大希 ⑤林夏渚 ⑥櫻井斗麻 ⑦石神陽菜 ⑧園田葵,17:40,18:40,
2025-05-09,金,朝送り,只津,溝口,車,707,なし,①富永日向 ②林夏渚 ③櫻井斗麻 ④林大希 ⑤石神陽菜 ⑥石神直都 ⑦園田葵,7:50,8:45,
2025-05-09,金,昼送り,只津,溝口,車,707,なし,①石神直都 ②林夏渚 ③櫻井斗麻,12:40,13:20,
2025-05-10,土,夕迎え,只津,溝口,車,707,なし,①林大希 ②櫻井斗麻 ③鈴木応介 ④山田壮一郎 ⑤石神直都 ⑥石神陽菜 ⑦富永日向 ⑧藤川結梨 ⑨林夏渚 ⑩園田葵,17:40,18:40,
2025-05-10,土,朝送り,只津,溝口,車,707,なし,①富永日向 ②藤川結梨 ③林夏渚 ④石神直都 ⑤櫻井斗麻 ⑥鈴木応介 ⑦林大希 ⑧山田壮一郎 ⑨石神陽菜,7:50,8:40,
2025-05-11,日,夕迎え,只津,溝口,車,707,なし,①森田さくら ②櫻井斗麻 ③鈴木応介 ④富永日向 ⑤森田あやめ ⑥森田佳代 ⑦森田脩平 ⑧森田さつき ⑨藤川結梨 ⑩山田壮一郎,17:30,18:30,
2025-05-11,日,朝送り,只津,溝口,車,707,なし,①森田脩平 ②森田さくら ③森田佳代 ④山田壮一郎 ⑤櫻井斗麻 ⑥鈴木応介 ⑦藤川結梨 ⑧森田あやめ ⑨森田さつき ⑩富永日向,7:40,8:40,
2025-05-11,日,昼送り,只津,溝口,車,707,なし,①櫻井斗麻 ②森田佳代 ③森田あやめ ④森田さくら ⑤藤川結梨 ⑥富永日向 ⑦森田さつき ⑧森田脩平,12:40,13:20,
2025-05-12,月,夕迎え,只津,溝口,車,707,なし,①森田さつき ②森田脩平 ③森田佳代 ④溝口一花 ⑤森田さくら ⑥森田あやめ ⑦寺田菫 ⑧園田柚真 ⑨櫻井麻智,17:40,18:40,
2025-05-12,月,朝送り,只津,溝口,車,707,なし,①櫻井帆斗 ②森田あやめ ③森田佳代 ④森田脩平 ⑤櫻井斗麻 ⑥森田さつき ⑦溝口一花 ⑧園田柚真 ⑨櫻井麻智,7:45,8:45,
2025-05-12,月,昼送り,只津,溝口,車,707,なし,①森田あやめ ②森田脩平 ③森田さつき ④櫻井斗麻 ⑤森田さくら,12:40,13:20,
2025-05-13,火,夕迎え,只津,溝口,車,707,なし,①富永日向 ②溝口一花 ③櫻井帆斗 ④櫻井斗麻 ⑤櫻井麻智 ⑥寺田菫 ⑦園田柚真,17:30,18:40,
2025-05-13,火,朝送り,只津,溝口,車,707,なし,①櫻井斗麻 ②櫻井麻智 ③溝口一花 ④富永日向 ⑤櫻井帆斗 ⑥寺田菫 ⑦園田柚真,7:50,8:40,
2025-05-13,火,昼送り,只津,溝口,車,707,なし,①溝口一花 ②櫻井斗麻,12:40,13:20,
2025-05-14,水,夕迎え,只津,溝口,車,707,なし,①溝口一花 ②富永日向 ③園田葵,17:40,18:40,
2025-05-14,水,朝送り,只津,溝口,車,707,なし,①櫻井帆斗 ②櫻井麻智 ③溝口一花 ④富永日向 ⑤園田葵,7:40,8:45,
2025-05-15,木,夕迎え,只津,溝口,車,707,なし,①溝口一花 ②櫻井斗麻 ③櫻井麻智 ④櫻井帆斗 ⑤富永日向 ⑥園田葵,17:30,18:40,
2025-05-15,木,朝送り,只津,溝口,車,707,なし,①富永日向 ②櫻井麻智 ③櫻井斗麻 ④櫻井帆斗 ⑤溝口一花 ⑥園田葵,7:40,8:45,
2025-05-15,木,昼送り,只津,溝口,車,707,なし,①櫻井斗麻,12:40,13:20,
2025-05-16,金,夕迎え,只津,溝口,車,707,なし,①石神陽菜 ②林大希 ③富永日向 ④林夏渚 ⑤櫻井斗麻 ⑥園田葵,17:40,18:40,
2025-05-16,金,朝送り,只津,溝口,車,707,なし,①富永日向 ②石神陽菜 ③林夏渚 ④林大希 ⑤櫻井斗麻 ⑥園田葵,7:45,8:40,
2025-05-16,金,昼送り,只津,溝口,車,707,なし,①櫻井斗麻 ②林夏渚,12:40,13:20,
2025-05-17,土,夕迎え,只津,溝口,車,707,なし,①林大希 ②藤川結梨 ③櫻井斗麻 ④富永日向 ⑤鈴木応介 ⑥林夏渚 ⑦石神陽菜 ⑧笠原英二次 ⑨宇都宮光憂 ⑩園田葵,17:40,18:40,
2025-05-17,土,朝送り,只津,溝口,車,707,なし,①笠原英二次 ②宇都宮光憂 ③石神陽菜 ④林大希 ⑤藤川結梨 ⑥櫻井斗麻 ⑦富永日向 ⑧鈴木応介 ⑨園田葵,7:40,8:45,
2025-05-17,土,昼送り,只津,溝口,車,707,なし,①宇都宮光憂,12:40,13:20,
2025-05-18,日,夕迎え,只津,溝口,車,707,なし,①富永日向 ②笠原英二次 ③櫻井斗麻 ④鈴木応介 ⑤宇都宮光憂 ⑥藤川結梨 ⑦園田葵,17:30,18:40,
2025-05-18,日,朝送り,只津,溝口,車,707,なし,①宇都宮光憂 ②櫻井斗麻 ③藤川結梨 ④笠原英二次 ⑤鈴木応介 ⑥富永日向 ⑦園田葵,7:40,8:45,
2025-05-18,日,昼送り,只津,溝口,車,707,なし,①櫻井斗麻 ②藤川結梨 ③富永日向 ④園田葵,12:40,13:20,
2025-05-19,月,夕迎え,只津,溝口,車,707,なし,①溝口一花 ②宇都宮光憂 ③富永日向 ④園田葵,17:35,18:40,
2025-05-19,月,朝送り,只津,溝口,車,707,なし,①宇都宮光憂 ②櫻井麻智 ③富永日向 ④溝口一花 ⑤櫻井斗麻 ⑥櫻井帆斗 ⑦園田葵,7:40,8:40,
2025-05-19,月,昼送り,只津,溝口,車,707,なし,①櫻井斗麻,12:40,13:20,
2025-05-20,火,夕迎え,只津,溝口,車,707,なし,①櫻井麻智 ②櫻井斗麻 ③溝口一花 ④宇都宮光憂 ⑤富永日向 ⑥櫻井帆斗,17:40,18:30,
2025-05-20,火,朝送り,只津,溝口,車,707,なし,①櫻井麻智 ②富永日向 ③櫻井帆斗 ④溝口一花 ⑤宇都宮光憂,7:50,8:40,
2025-05-20,火,昼送り,只津,溝口,車,707,なし,①溝口一花 ②櫻井斗麻,12:40,13:20,
2025-05-21,水,夕迎え,只津,溝口,車,707,なし,①富永日向 ②宇都宮光憂 ③溝口一花 ④園田葵 ⑤園田柚真,17:30,18:40,
2025-05-21,水,朝送り,只津,溝口,車,707,なし,①富永日向 ②櫻井麻智 ③櫻井帆斗 ④宇都宮光憂 ⑤溝口一花 ⑥園田柚真 ⑦園田葵,7:40,8:40,
2025-05-22,木,夕迎え,只津,溝口,車,707,なし,①富永日向 ②櫻井麻智 ③櫻井帆斗 ④宇都宮光憂 ⑤溝口一花 ⑥園田柚真 ⑦園田葵,17:40,18:40,
2025-05-22,木,朝送り,只津,溝口,車,707,なし,①櫻井麻智 ②宇都宮光憂 ③富永日向 ④櫻井帆斗 ⑤溝口一花 ⑥園田柚真 ⑦園田葵,7:40,8:45,
2025-05-23,金,夕迎え,只津,溝口,車,707,なし,①富永日向 ②石神陽菜 ③林大希 ④林夏渚 ⑤石神直都 ⑥園田葵,17:35,18:40,
2025-05-23,金,朝送り,只津,溝口,車,707,なし,①石神陽菜 ②林夏渚 ③石神直都 ④富永日向 ⑤林大希 ⑥園田葵,7:50,8:40,
2025-05-23,金,昼送り,只津,溝口,車,707,なし,①石神直都 ②林夏渚,12:40,13:20,
2025-05-24,土,夕迎え,只津,溝口,車,707,なし,①石神直都 ②櫻井麻智 ③笠原英二次 ④溝口一花 ⑤富永日向 ⑥林大希 ⑦林夏渚 ⑧櫻井斗麻 ⑨鈴木応介 ⑩櫻井帆斗 ⑪石神陽菜 ⑫園田葵,17:30,18:40,
2025-05-24,土,朝送り,只津,溝口,車,707,なし,①溝口一花 ②林夏渚 ③櫻井帆斗 ④鈴木応介 ⑤林大希 ⑥笠原英二次 ⑦櫻井麻智 ⑧富永日向 ⑨櫻井斗麻 ⑩石神陽菜 ⑪石神直都 ⑫園田葵,7:40,8:40,
2025-05-25,日,夕迎え,只津,溝口,車,707,なし,①富永日向 ②櫻井麻智 ③石神直都 ④櫻井帆斗 ⑤溝口一花 ⑥笠原英二次 ⑦鈴木応介 ⑧櫻井斗麻,17:30,18:40,
2025-05-25,日,朝送り,只津,溝口,車,707,なし,①鈴木応介 ②富永日向 ③櫻井斗麻 ④溝口一花 ⑤石神直都 ⑥櫻井麻智 ⑦笠原英二次,7:40,8:45,
2025-05-25,日,昼送り,只津,溝口,車,707,なし,①石神直都 ②櫻井麻智 ③櫻井帆斗 ④溝口一花 ⑤富永日向 ⑥櫻井斗麻,12:40,13:20,
2025-05-26,月,夕迎え,只津,溝口,車,707,なし,①溝口一花 ②寺田菫,17:40,18:40,
2025-05-26,月,朝送り,只津,溝口,車,707,なし,①溝口一花 ②櫻井斗麻 ③櫻井帆斗 ④櫻井麻智 ⑤寺田菫,7:50,8:45,
2025-05-26,月,昼送り,只津,溝口,車,707,なし,①櫻井斗麻,12:40,13:20,
2025-05-27,火,夕迎え,只津,溝口,車,707,なし,①櫻井斗麻 ②櫻井麻智 ③溝口一花 ④櫻井帆斗 ⑤寺田菫,17:40,18:40,
2025-05-27,火,朝送り,只津,溝口,車,707,なし,①櫻井麻智 ②溝口一花 ③櫻井斗麻 ④寺田菫,7:45,8:40,
2025-05-27,火,昼送り,只津,溝口,車,707,なし,①櫻井斗麻 ②溝口一花,12:40,13:20,
2025-05-28,水,夕迎え,只津,溝口,車,707,なし,①溝口一花 ②林夏渚 ③園田葵 ④園田柚真,17:35,18:40,
2025-05-28,水,朝送り,只津,溝口,車,707,なし,①溝口一花 ②櫻井帆斗 ③林夏渚 ④櫻井麻智 ⑤園田葵 ⑥園田柚真,7:50,8:40,
2025-05-29,木,夕迎え,只津,溝口,車,707,なし,①溝口一花 ②林夏渚 ③櫻井麻智 ④櫻井帆斗 ⑤富永日向 ⑥園田葵 ⑦園田柚真,17:30,18:40,
2025-05-29,木,朝送り,只津,溝口,車,707,なし,①櫻井帆斗 ②富永日向 ③櫻井麻智 ④溝口一花 ⑤林夏渚 ⑥園田葵 ⑦園田柚真,7:50,8:45,
2025-05-29,木,昼送り,只津,溝口,車,707,なし,①林夏渚,12:40,13:20,
2025-05-30,金,夕迎え,只津,溝口,車,707,なし,①石神陽菜 ②富永日向 ③林大希 ④園田葵,17:35,18:40,
2025-05-30,金,朝送り,只津,溝口,車,707,なし,①林大希 ②石神陽菜 ③富永日向 ④園田葵,7:45,8:40,
2025-05-31,土,夕迎え,只津,溝口,車,707,なし,①林大希 ②石神陽菜 ③富永日向 ④鈴木応介 ⑤園田葵,17:35,18:40,
2025-05-31,土,朝送り,只津,溝口,車,707,なし,①鈴木応介 ②富永日向 ③林大希 ④石神陽菜 ⑤園田葵,7:40,8:40,
2025-06-01,日,夕迎え,只津,溝口,車,707,なし,①櫻井斗麻 ②富永日向 ③鈴木応介 ④寺田菫 ⑤園田葵,17:40,18:40,
2025-06-01,日,朝送り,只津,溝口,車,707,なし,①鈴木応介 ②富永日向 ③櫻井斗麻 ④寺田菫 ⑤園田葵,7:40,8:40,
2025-06-01,日,昼送り,只津,溝口,車,707,なし,①櫻井斗麻 ②富永日向 ③園田葵 ④寺田菫,12:40,13:20,
2025-06-02,月,夕迎え,只津,溝口,車,707,なし,①溝口一花 ②富永日向 ③寺田菫 ④園田葵,17:30,18:40,
2025-06-02,月,朝送り,只津,溝口,車,707,なし,①櫻井麻智 ②富永日向 ③櫻井斗麻 ④溝口一花 ⑤櫻井帆斗 ⑥寺田菫 ⑦園田葵,7:50,8:45,
2025-06-02,月,昼送り,只津,溝口,車,707,なし,①櫻井斗麻,12:40,13:20,
2025-06-03,火,夕迎え,只津,溝口,車,707,なし,①石神陽菜 ②溝口一花 ③富永日向 ④櫻井帆斗 ⑤櫻井麻智 ⑥櫻井斗麻 ⑦林夏渚,17:40,18:30,
2025-06-03,火,朝送り,只津,溝口,車,707,なし,①溝口一花 ②富永日向 ③櫻井斗麻 ④櫻井麻智 ⑤林夏渚 ⑥石神陽菜 ⑦櫻井帆斗,7:40,8:45,
2025-06-03,火,昼送り,只津,溝口,車,707,なし,①石神陽菜 ②溝口一花 ③櫻井斗麻 ④林夏渚,12:40,13:20,
2025-06-04,水,夕迎え,只津,溝口,車,707,なし,①石神陽菜 ②林夏渚 ③富永日向 ④溝口一花 ⑤園田葵 ⑥園田柚真,17:35,18:40,
2025-06-04,水,朝送り,只津,溝口,車,707,なし,①石神陽菜 ②林夏渚 ③櫻井麻智 ④櫻井帆斗 ⑤溝口一花 ⑥富永日向 ⑦園田葵 ⑧園田柚真,7:50,8:40,
2025-06-04,水,昼送り,只津,溝口,車,707,なし,①石神陽菜,12:40,13:20,
2025-06-05,木,夕迎え,只津,溝口,車,707,なし,①櫻井斗麻 ②溝口一花 ③櫻井麻智 ④櫻井帆斗 ⑤富永日向 ⑥園田葵 ⑦園田柚真,17:30,18:40,
2025-06-05,木,朝送り,只津,溝口,車,707,なし,①富永日向 ②溝口一花 ③櫻井帆斗 ④櫻井斗麻 ⑤櫻井麻智 ⑥園田葵 ⑦園田柚真,7:45,8:45,
2025-06-05,木,昼送り,只津,溝口,車,707,なし,①櫻井斗麻,12:40,13:20,
2025-06-06,金,夕迎え,只津,溝口,車,707,なし,①石神陽菜 ②櫻井斗麻 ③石神直都 ④富永日向 ⑤林大希 ⑥林夏渚 ⑦園田葵,17:40,18:40,
2025-06-06,金,朝送り,只津,溝口,車,707,なし,①富永日向 ②林大希 ③櫻井斗麻 ④石神直都 ⑤林夏渚 ⑥石神陽菜 ⑦園田葵,7:45,8:40,
2025-06-06,金,昼送り,只津,溝口,車,707,なし,①林夏渚 ②櫻井斗麻 ③石神直都,12:40,13:20,
2025-06-07,土,夕迎え,只津,溝口,車,707,なし,①櫻井斗麻 ②林大希 ③溝口一花 ④石神直都 ⑤林夏渚 ⑥富永日向 ⑦石神陽菜 ⑧園田葵 ⑨寺田菫,17:30,18:40,
2025-06-07,土,朝送り,只津,溝口,車,707,なし,①富永日向 ②櫻井斗麻 ③石神直都 ④石神陽菜 ⑤林大希 ⑥溝口一花 ⑦林夏渚 ⑧園田葵 ⑨寺田菫,7:50,8:45,
2025-06-07,土,昼送り,只津,溝口,車,707,なし,①石神直都 ②林大希 ③石神陽菜 ④溝口一花,12:40,13:20,
2025-06-08,日,夕迎え,只津,溝口,車,707,なし,①櫻井帆斗 ②溝口一花 ③櫻井麻智 ④櫻井斗麻 ⑤園田柚真 ⑥園田葵 ⑦寺田菫,17:40,18:40,
2025-06-08,日,朝送り,只津,溝口,車,707,なし,①櫻井帆斗 ②櫻井麻智 ③櫻井斗麻 ④園田葵 ⑤寺田菫 ⑥園田柚真,7:50,8:45,
2025-06-08,日,昼送り,只津,溝口,車,707,なし,①櫻井斗麻 ②櫻井麻智 ③溝口一花 ④櫻井帆斗 ⑤園田葵 ⑥寺田菫 ⑦園田柚真,12:40,13:20,
2025-06-09,月,夕迎え,只津,溝口,車,707,なし,①富永日向 ②林大希 ③園田葵 ④園田柚真 ⑤寺田菫,17:35,18:40,
2025-06-09,月,朝送り,只津,溝口,車,707,なし,①富永日向 ②櫻井帆斗 ③櫻井斗麻 ④櫻井麻智 ⑤園田柚真 ⑥園田葵 ⑦寺田菫,7:50,8:40,
2025-06-09,月,昼送り,只津,溝口,車,707,なし,①櫻井斗麻,12:40,13:20,
2025-06-10,火,夕迎え,只津,溝口,車,707,なし,①櫻井斗麻 ②林夏渚 ③櫻井帆斗 ④林大希 ⑤富永日向 ⑥櫻井麻智,17:30,18:30,
2025-06-10,火,朝送り,只津,溝口,車,707,なし,①林大希 ②櫻井斗麻 ③富永日向 ④櫻井麻智 ⑤林夏渚 ⑥櫻井帆斗,7:50,8:40,
2025-06-10,火,昼送り,只津,溝口,車,707,なし,①櫻井斗麻 ②林夏渚,12:40,13:20,
2025-06-11,水,夕迎え,只津,溝口,車,707,なし,①富永日向 ②林夏渚 ③溝口一花 ④園田葵 ⑤園田柚真,17:30,18:40,
2025-06-11,水,朝送り,只津,溝口,車,707,なし,①櫻井麻智 ②富永日向 ③溝口一花 ④林夏渚 ⑤櫻井帆斗 ⑥園田柚真 ⑦園田葵,7:45,8:40,
2025-06-12,木,夕迎え,只津,溝口,車,707,なし,①溝口一花 ②櫻井麻智 ③櫻井帆斗 ④富永日向 ⑤園田葵 ⑥園田柚真,17:30,18:40,
2025-06-12,木,朝送り,只津,溝口,車,707,なし,①溝口一花 ②富永日向 ③櫻井麻智 ④櫻井帆斗 ⑤園田葵 ⑥園田柚真,7:50,8:45,
2025-06-13,金,夕迎え,只津,溝口,車,707,なし,①林大希 ②石神直都 ③石神陽菜 ④林夏渚 ⑤富永日向 ⑥園田葵,17:40,18:40,
2025-06-13,金,朝送り,只津,溝口,車,707,なし,①富永日向 ②石神陽菜 ③石神直都 ④林大希 ⑤林夏渚,7:40,8:40,
2025-06-13,金,昼送り,只津,溝口,車,707,なし,①林夏渚 ②石神直都,12:40,13:20,
2025-06-14,土,夕迎え,只津,溝口,車,707,なし,①富永日向 ②林夏渚 ③石神直都 ④笠原英二次 ⑤林大希 ⑥石神陽菜 ⑦櫻井斗麻 ⑧園田葵,17:30,18:40,
2025-06-14,土,朝送り,只津,溝口,車,707,なし,①石神陽菜 ②櫻井斗麻 ③石神直都 ④林大希 ⑤富永日向 ⑥笠原英二次 ⑦林夏渚 ⑧園田葵,7:50,8:40,
2025-06-15,日,夕迎え,只津,溝口,車,707,なし,①櫻井帆斗 ②櫻井麻智 ③櫻井斗麻 ④笠原英二次 ⑤林大希 ⑥寺田菫,17:30,18:40,
2025-06-15,日,朝送り,只津,溝口,車,707,なし,①櫻井斗麻 ②櫻井麻智 ③櫻井帆斗 ④笠原英二次 ⑤林大希 ⑥寺田菫,7:50,8:40,
2025-06-15,日,昼送り,只津,溝口,車,707,なし,①林大希 ②櫻井帆斗 ③櫻井麻智 ④櫻井斗麻 ⑤寺田菫,12:40,13:20,
2025-06-16,月,夕迎え,只津,溝口,車,707,なし,①溝口一花 ②富永日向 ③寺田菫,17:40,18:40,
2025-06-16,月,朝送り,只津,溝口,車,707,なし,①櫻井斗麻 ②溝口一花 ③富永日向 ④櫻井麻智 ⑤櫻井帆斗 ⑥寺田菫,7:45,8:40,
2025-06-16,月,昼送り,只津,溝口,車,707,なし,①櫻井斗麻,12:40,13:20,
2025-06-17,火,夕迎え,只津,溝口,車,707,なし,①櫻井麻智 ②櫻井帆斗 ③林夏渚 ④櫻井斗麻 ⑤溝口一花 ⑥富永日向,17:35,18:30,
2025-06-17,火,朝送り,只津,溝口,車,707,なし,①櫻井帆斗 ②林夏渚 ③櫻井斗麻 ④櫻井麻智 ⑤富永日向 ⑥溝口一花,7:50,8:45,
2025-06-17,火,昼送り,只津,溝口,車,707,なし,①櫻井斗麻 ②林夏渚,12:40,13:20,
2025-06-18,水,夕迎え,只津,溝口,車,707,なし,①林夏渚 ②溝口一花 ③富永日向 ④園田葵 ⑤園田柚真,17:40,18:40,
2025-06-18,水,朝送り,只津,溝口,車,707,なし,①櫻井帆斗 ②富永日向 ③溝口一花 ④林夏渚 ⑤櫻井麻智 ⑥園田柚真 ⑦園田葵,7:45,8:40,
2025-06-19,木,夕迎え,只津,溝口,車,707,なし,①櫻井麻智 ②溝口一花 ③櫻井帆斗 ④富永日向 ⑤園田葵 ⑥園田柚真,17:40,18:40,
2025-06-19,木,朝送り,只津,溝口,車,707,なし,①櫻井麻智 ②富永日向 ③溝口一花 ④園田葵 ⑤園田柚真,7:40,8:40,
2025-06-20,金,夕迎え,只津,溝口,車,707,なし,①富永日向 ②溝口一花 ③林夏渚 ④石神陽菜 ⑤園田葵,17:30,18:40,
2025-06-20,金,朝送り,只津,溝口,車,707,なし,①林夏渚 ②溝口一花 ③富永日向 ④石神陽菜 ⑤園田葵,7:45,8:40,
2025-06-20,金,昼送り,只津,溝口,車,707,なし,①林夏渚 ②溝口一花,12:40,13:20,
2025-06-21,土,夕迎え,只津,溝口,車,707,なし,①富永日向 ②石神陽菜 ③林夏渚 ④鈴木応介 ⑤溝口一花 ⑥櫻井斗麻 ⑦園田葵,17:30,18:40,
2025-06-21,土,朝送り,只津,溝口,車,707,なし,①溝口一花 ②石神陽菜 ③富永日向 ④鈴木応介 ⑤櫻井斗麻 ⑥林夏渚 ⑦園田葵,7:50,8:45,
2025-06-21,土,昼送り,只津,溝口,車,707,なし,①石神陽菜 ②溝口一花,12:40,13:20,
2025-06-22,日,夕迎え,只津,溝口,車,707,なし,①櫻井斗麻 ②鈴木応介 ③櫻井麻智 ④溝口一花 ⑤櫻井帆斗,17:30,18:40,
2025-06-22,日,朝送り,只津,溝口,車,707,なし,①櫻井斗麻 ②櫻井麻智 ③鈴木応介 ④櫻井帆斗,7:50,8:40,
2025-06-22,日,昼送り,只津,溝口,車,707,なし,①櫻井麻智 ②櫻井帆斗 ③溝口一花 ④櫻井斗麻,12:40,13:20,
2025-06-23,月,夕迎え,只津,溝口,車,707,なし,①溝口一花 ②富永日向,17:40,18:40,
2025-06-23,月,朝送り,只津,溝口,車,707,なし,①櫻井麻智 ②櫻井斗麻 ③櫻井帆斗 ④溝口一花 ⑤富永日向,7:45,8:40,
2025-06-23,月,昼送り,只津,溝口,車,707,なし,①櫻井斗麻 ②櫻井麻智,12:40,13:20,
2025-06-24,火,夕迎え,只津,溝口,車,707,なし,①溝口一花 ②石神直都 ③富永日向 ④櫻井麻智 ⑤櫻井斗麻 ⑥櫻井帆斗,17:35,18:30,
2025-06-24,火,朝送り,只津,溝口,車,707,なし,①櫻井麻智 ②櫻井斗麻 ③石神直都 ④富永日向,7:50,8:40,
2025-06-24,火,昼送り,只津,溝口,車,707,なし,①櫻井斗麻,12:40,13:20,
2025-06-25,水,夕迎え,只津,溝口,車,707,なし,①溝口一花 ②石神直都 ③富永日向 ④園田柚真 ⑤園田葵,17:30,18:40,
2025-06-25,水,朝送り,只津,溝口,車,707,なし,①石神直都 ②櫻井帆斗 ③溝口一花 ④富永日向 ⑤櫻井麻智 ⑥園田柚真 ⑦園田葵,7:40,8:45,
2025-06-25,水,昼送り,只津,溝口,車,707,なし,①石神直都,12:40,13:20,
2025-06-26,木,夕迎え,只津,溝口,車,707,なし,①櫻井帆斗 ②富永日向 ③溝口一花 ④櫻井麻智 ⑤園田柚真 ⑥園田葵,17:40,18:40,
2025-06-26,木,朝送り,只津,溝口,車,707,なし,①櫻井麻智 ②櫻井帆斗 ③溝口一花 ④富永日向 ⑤園田葵 ⑥園田柚真,7:40,8:40,
2025-06-27,金,夕迎え,只津,溝口,車,707,なし,①林夏渚 ②富永日向 ③石神直都 ④石神陽菜 ⑤林大希 ⑥園田葵,17:40,18:40,
2025-06-27,金,朝送り,只津,溝口,車,707,なし,①富永日向 ②石神直都 ③石神陽菜 ④林夏渚 ⑤林大希 ⑥園田葵,7:50,8:45,
2025-06-27,金,昼送り,只津,溝口,車,707,なし,①林夏渚 ②石神直都,12:40,13:20,
2025-06-28,土,夕迎え,只津,溝口,車,707,なし,①櫻井斗麻 ②笠原英二次 ③石神陽菜 ④鈴木応介 ⑤林夏渚 ⑥林大希 ⑦石神直都 ⑧曽田勇佑 ⑨富永日向 ⑩園田葵,17:30,18:40,
2025-06-28,土,朝送り,只津,溝口,車,707,なし,①笠原英二次 ②富永日向 ③林夏渚 ④鈴木応介 ⑤林大希 ⑥石神陽菜 ⑦曽田勇佑 ⑧櫻井斗麻 ⑨園田葵,7:40,8:40,
2025-06-28,土,昼送り,只津,溝口,車,707,なし,①石神陽菜,12:40,13:20,
2025-06-29,日,夕迎え,只津,溝口,車,707,なし,①森田脩平 ②笠原英二次 ③石神直都 ④森田あやめ ⑤林夏渚 ⑥森田佳代 ⑦森田さくら ⑧森田さつき ⑨曽田勇佑 ⑩櫻井斗麻 ⑪林大希 ⑫鈴木応介,17:35,18:30,
2025-06-29,日,朝送り,只津,溝口,車,707,なし,①林夏渚 ②森田脩平 ③森田さつき ④櫻井斗麻 ⑤森田あやめ ⑥鈴木応介 ⑦笠原英二次 ⑧石神直都 ⑨森田さくら ⑩森田佳代 ⑪曽田勇佑,7:40,8:40,
2025-06-29,日,昼送り,只津,溝口,車,707,なし,①森田あやめ ②森田佳代 ③森田さつき ④曽田勇佑 ⑤森田さくら ⑥林夏渚 ⑦櫻井斗麻,12:40,13:20,
2025-06-30,月,夕迎え,只津,溝口,車,707,なし,①森田脩平 ②溝口一花 ③森田あやめ ④森田さつき ⑤森田さくら ⑥森田佳代 ⑦石神直都,17:35,18:20,
2025-06-30,月,朝送り,只津,溝口,車,707,なし,①櫻井麻智 ②櫻井帆斗 ③森田あやめ ④森田脩平 ⑤森田さつき ⑥石神直都 ⑦森田さくら ⑧森田佳代 ⑨溝口一花,7:40,8:40,
2025-06-30,月,昼送り,只津,溝口,車,707,なし,①石神直都 ②森田あやめ ③森田さくら ④森田さつき ⑤櫻井斗麻,12:40,13:20,
2025-07-01,火,夕迎え,只津,溝口,車,707,なし,①櫻井帆斗 ②林夏渚 ③林大希 ④櫻井斗麻 ⑤富永日向 ⑥櫻井麻智,17:30,18:20,
2025-07-01,火,朝送り,只津,溝口,車,707,なし,①櫻井帆斗 ②櫻井麻智 ③林大希 ④櫻井斗麻 ⑤富永日向 ⑥林夏渚,7:40,8:40,
2025-07-01,火,昼送り,只津,溝口,車,707,なし,①櫻井斗麻 ②林夏渚,12:40,13:20,
2025-07-02,水,夕迎え,只津,溝口,車,707,なし,①林大希 ②林夏渚 ③富永日向 ④小野凌来 ⑤園田葵,17:40,18:40,
2025-07-02,水,朝送り,只津,溝口,車,707,なし,①林大希 ②櫻井麻智 ③富永日向 ④櫻井帆斗 ⑤林夏渚 ⑥園田葵,7:50,8:45,
2025-07-02,水,昼送り,只津,溝口,車,707,なし,①櫻井斗麻,12:40,13:20,
2025-07-03,木,夕迎え,只津,溝口,車,707,なし,①溝口一花 ②櫻井麻智 ③櫻井帆斗 ④小野凌来 ⑤富永日向 ⑥園田葵 ⑦寺田菫,17:35,18:40,
2025-07-03,木,朝送り,只津,溝口,車,707,なし,①櫻井帆斗 ②富永日向 ③櫻井麻智 ④溝口一花 ⑤小野凌来 ⑥寺田菫 ⑦園田葵,7:45,8:40,
2025-07-04,金,夕迎え,只津,溝口,車,707,なし,①富永日向 ②溝口一花 ③櫻井帆斗 ④櫻井麻智 ⑤寺田菫,17:30,18:40,
2025-07-04,金,朝送り,只津,溝口,車,707,なし,①櫻井帆斗 ②富永日向 ③櫻井麻智 ④溝口一花 ⑤寺田菫,7:45,8:40,
2025-07-05,土,夕迎え,只津,溝口,車,707,なし,①富永日向 ②林夏渚 ③溝口一花 ④園田柚真 ⑤園田葵 ⑥寺田菫,17:40,18:40,
2025-07-05,土,朝送り,只津,溝口,車,707,なし,①林夏渚 ②溝口一花 ③富永日向 ④園田葵 ⑤寺田菫 ⑥園田柚真,7:45,8:40,
2025-07-06,日,夕迎え,只津,溝口,車,707,なし,①溝口一花 ②櫻井麻智 ③林夏渚 ④櫻井帆斗 ⑤石神陽菜 ⑥富永日向 ⑦石神直都 ⑧櫻井斗麻 ⑨寺田菫 ⑩園田葵 ⑪園田柚真,17:35,18:40,
2025-07-06,日,朝送り,只津,溝口,車,707,なし,①石神陽菜 ②櫻井麻智 ③石神直都 ④林夏渚 ⑤富永日向 ⑥櫻井帆斗 ⑦溝口一花 ⑧櫻井斗麻 ⑨園田葵 ⑩園田柚真,7:45,8:45,
2025-07-06,日,昼送り,只津,溝口,車,707,なし,①富永日向 ②櫻井麻智 ③石神陽菜 ④櫻井帆斗 ⑤石神直都 ⑥櫻井斗麻 ⑦寺田菫,12:40,13:20,
2025-07-07,月,夕迎え,只津,溝口,車,707,なし,①溝口一花 ②林夏渚 ③石神直都 ④石神陽菜 ⑤小野凌来 ⑥富永日向 ⑦園田葵 ⑧寺田菫,17:30,18:40,
2025-07-07,月,朝送り,只津,溝口,車,707,なし,①富永日向 ②溝口一花 ③林夏渚 ④櫻井斗麻 ⑤石神陽菜 ⑥石神直都 ⑦小野凌来 ⑧櫻井麻智 ⑨櫻井帆斗 ⑩寺田菫 ⑪園田葵,7:45,8:40,
2025-07-07,月,昼送り,只津,溝口,車,707,なし,①林夏渚 ②石神陽菜 ③石神直都 ④溝口一花 ⑤櫻井斗麻,12:40,13:20,
2025-07-08,火,夕迎え,只津,溝口,車,707,なし,①笠原英二次 ②溝口一花 ③富永日向 ④小野凌来 ⑤林夏渚 ⑥森田佳代 ⑦櫻井斗麻 ⑧寺田菫 ⑨園田葵,17:30,18:40,
2025-07-08,火,朝送り,只津,溝口,車,707,なし,①溝口一花 ②森田佳代 ③林夏渚 ④櫻井斗麻 ⑤小野凌来 ⑥富永日向 ⑦笠原英二次 ⑧寺田菫 ⑨園田葵,7:45,8:45,
2025-07-08,火,昼送り,只津,溝口,車,707,なし,①櫻井斗麻 ②溝口一花,12:40,13:20,
2025-07-09,水,夕迎え,只津,溝口,車,707,なし,①小野凌来 ②富永日向 ③溝口一花 ④森田佳代 ⑤笠原英二次 ⑥園田葵,17:40,18:40,
2025-07-09,水,朝送り,只津,溝口,車,707,なし,①櫻井帆斗 ②笠原英二次 ③富永日向 ④溝口一花 ⑤森田佳代 ⑥櫻井斗麻 ⑦櫻井麻智 ⑧小野凌来 ⑨園田葵,7:45,8:40,
2025-07-09,水,昼送り,只津,溝口,車,707,なし,①櫻井斗麻 ②溝口一花,12:40,13:20,
2025-07-10,木,夕迎え,只津,溝口,車,707,なし,①櫻井帆斗 ②石神直都 ③櫻井斗麻 ④小野凌来 ⑤林夏渚 ⑥溝口一花 ⑦櫻井麻智 ⑧富永日向 ⑨園田柚真 ⑩園田葵 ⑪寺田菫,17:40,18:40,
2025-07-10,木,朝送り,只津,溝口,車,707,なし,①石神直都 ②櫻井斗麻 ③櫻井麻智 ④富永日向 ⑤溝口一花 ⑥林夏渚 ⑦小野凌来 ⑧櫻井帆斗 ⑨寺田菫 ⑩園田柚真 ⑪園田葵,7:40,8:45,
2025-07-10,木,昼送り,只津,溝口,車,707,なし,①櫻井斗麻 ②石神直都,12:40,13:20,
2025-07-11,金,夕迎え,只津,溝口,車,707,なし,①石神直都 ②林大希 ③櫻井斗麻 ④小野凌来 ⑤林夏渚 ⑥寺田菫 ⑦園田柚真,17:40,18:40,
2025-07-11,金,朝送り,只津,溝口,車,707,なし,①林夏渚 ②林大希 ③小野凌来 ④櫻井斗麻 ⑤寺田菫 ⑥園田柚真,7:50,8:45,
2025-07-11,金,昼送り,只津,溝口,車,707,なし,①石神直都 ②櫻井斗麻,12:40,13:20,
2025-07-12,土,夕迎え,只津,溝口,車,707,なし,①小野凌来 ②溝口一花 ③富永日向 ④林大希 ⑤林夏渚 ⑥園田柚真 ⑦園田葵 ⑧寺田菫,17:35,18:40,
2025-07-12,土,朝送り,只津,溝口,車,707,なし,①富永日向 ②溝口一花 ③小野凌来 ④林大希 ⑤園田葵 ⑥寺田菫 ⑦園田柚真,7:40,8:40,
2025-07-12,土,昼送り,只津,溝口,車,707,なし,①溝口一花,12:40,13:20,
2025-07-13,日,夕迎え,只津,溝口,車,707,なし,①櫻井斗麻 ②石神直都 ③櫻井帆斗 ④林夏渚 ⑤石神陽菜 ⑥櫻井麻智 ⑦富永日向 ⑧溝口一花 ⑨園田葵 ⑩寺田菫 ⑪園田柚真,17:40,18:40,
2025-07-13,日,朝送り,只津,溝口,車,707,なし,①櫻井斗麻 ②溝口一花 ③櫻井麻智 ④石神陽菜 ⑤林夏渚 ⑥富永日向 ⑦石神直都 ⑧園田葵 ⑨園田柚真,7:50,8:40,
2025-07-13,日,昼送り,只津,溝口,車,707,なし,①櫻井麻智 ②富永日向 ③石神陽菜 ④林夏渚 ⑤櫻井斗麻 ⑥石神直都 ⑦櫻井帆斗 ⑧寺田菫,12:40,13:20,
2025-07-14,月,夕迎え,只津,溝口,車,707,なし,①林夏渚 ②小野凌来 ③富永日向 ④溝口一花 ⑤石神直都 ⑥石神陽菜 ⑦寺田菫,17:35,18:40,
2025-07-14,月,朝送り,只津,溝口,車,707,なし,①櫻井麻智 ②櫻井斗麻 ③小野凌来 ④林夏渚 ⑤石神直都 ⑥溝口一花 ⑦富永日向 ⑧櫻井帆斗 ⑨寺田菫,7:45,8:40,
2025-07-14,月,昼送り,只津,溝口,車,707,なし,①溝口一花 ②櫻井麻智 ③櫻井斗麻 ④石神直都 ⑤林夏渚 ⑥石神陽菜,12:40,13:20,
2025-07-15,火,夕迎え,只津,溝口,車,707,なし,①林夏渚 ②櫻井斗麻 ③笠原英二次 ④溝口一花 ⑤小野凌来 ⑥富永日向 ⑦鈴木応介 ⑧寺田菫,17:30,18:40,
2025-07-15,火,朝送り,只津,溝口,車,707,なし,①小野凌来 ②櫻井斗麻 ③笠原英二次 ④林夏渚 ⑤溝口一花 ⑥寺田菫,7:40,8:40,
2025-07-15,火,昼送り,只津,溝口,車,707,なし,①櫻井斗麻 ②溝口一花,12:40,13:20,
2025-07-16,水,夕迎え,只津,溝口,車,707,なし,①小野凌来 ②林大希 ③笠原英二次 ④富永日向 ⑤鈴木応介 ⑥園田葵,17:30,18:40,
2025-07-16,水,朝送り,只津,溝口,車,707,なし,①林大希 ②笠原英二次 ③富永日向 ④櫻井斗麻 ⑤櫻井麻智 ⑥鈴木応介 ⑦小野凌来 ⑧櫻井帆斗 ⑨園田葵,7:40,8:40,
2025-07-16,水,昼送り,只津,溝口,車,707,なし,①櫻井斗麻,12:40,13:20,
2025-07-17,木,夕迎え,只津,溝口,車,707,なし,①櫻井麻智 ②林大希 ③小野凌来 ④富永日向 ⑤櫻井帆斗 ⑥園田葵,17:35,18:40,
2025-07-17,木,朝送り,只津,溝口,車,707,なし,①富永日向 ②櫻井麻智 ③林大希 ④櫻井帆斗 ⑤園田葵,7:40,8:40,
2025-07-19,土,夕迎え,只津,溝口,車,707,なし,①溝口一花 ②富永日向 ③林夏渚 ④園田葵 ⑤寺田菫 ⑥園田柚真,17:40,18:40,
2025-07-19,土,朝送り,只津,溝口,車,707,なし,①富永日向 ②溝口一花 ③寺田菫 ④園田葵,7:40,8:45,
2025-07-19,土,昼送り,只津,溝口,車,707,なし,①溝口一花,12:40,13:20,
2025-07-20,日,夕迎え,只津,溝口,車,707,なし,①櫻井斗麻 ②石神陽菜 ③溝口一花 ④林夏渚 ⑤石神直都 ⑥櫻井麻智 ⑦富永日向 ⑧櫻井帆斗 ⑨園田葵 ⑩園田柚真 ⑪寺田菫,17:35,18:40,
2025-07-20,日,朝送り,只津,溝口,車,707,なし,①溝口一花 ②櫻井斗麻 ③櫻井帆斗 ④富永日向 ⑤石神直都 ⑥石神陽菜 ⑦櫻井麻智 ⑧林夏渚 ⑨園田柚真 ⑩寺田菫 ⑪園田葵,7:45,8:40,
2025-07-20,日,昼送り,只津,溝口,車,707,なし,①富永日向 ②櫻井麻智 ③櫻井斗麻 ④林夏渚 ⑤櫻井帆斗 ⑥石神陽菜 ⑦石神直都 ⑧寺田菫,12:40,13:20,
2025-07-21,月,夕迎え,只津,溝口,車,707,なし,①石神直都 ②富永日向 ③石神陽菜 ④溝口一花 ⑤林夏渚 ⑥小野凌来 ⑦寺田菫,17:30,18:40,
2025-07-21,月,朝送り,只津,溝口,車,707,なし,①小野凌来 ②櫻井帆斗 ③石神陽菜 ④富永日向 ⑤石神直都 ⑥溝口一花 ⑦寺田菫,7:50,8:45,
2025-07-21,月,昼送り,只津,溝口,車,707,なし,①石神直都 ②櫻井麻智 ③林夏渚 ④櫻井斗麻 ⑤櫻井帆斗,12:40,13:20,
2025-07-22,火,夕迎え,只津,溝口,車,707,なし,①富永日向 ②溝口一花 ③石神陽菜 ④櫻井斗麻 ⑤小野凌来 ⑥鈴木応介 ⑦林夏渚 ⑧寺田菫,17:40,18:40,
2025-07-22,火,朝送り,只津,溝口,車,707,なし,①溝口一花 ②小野凌来 ③林夏渚 ④富永日向 ⑤石神陽菜 ⑥鈴木応介,7:50,8:40,
2025-07-22,火,昼送り,只津,溝口,車,707,なし,①石神陽菜 ②溝口一花 ③櫻井斗麻,12:40,13:20,
2025-07-23,水,夕迎え,只津,溝口,車,707,なし,①小野凌来 ②石神陽菜 ③林大希 ④鈴木応介 ⑤富永日向 ⑥園田葵,17:35,18:40,
2025-07-23,水,朝送り,只津,溝口,車,707,なし,①富永日向 ②櫻井帆斗 ③櫻井麻智 ④小野凌来 ⑤櫻井斗麻 ⑥林大希 ⑦園田葵,7:40,8:45,
2025-07-23,水,昼送り,只津,溝口,車,707,なし,①櫻井帆斗 ②櫻井斗麻 ③石神陽菜,12:40,13:20,
2025-07-24,木,夕迎え,只津,溝口,車,707,なし,①櫻井麻智 ②小野凌来 ③櫻井帆斗 ④富永日向 ⑤林大希 ⑥園田葵,17:35,18:40,
2025-07-24,木,朝送り,只津,溝口,車,707,なし,①林大希 ②櫻井帆斗 ③小野凌来 ④櫻井麻智 ⑤富永日向 ⑥園田葵,7:50,8:45,
2025-07-26,土,夕迎え,只津,溝口,車,707,なし,①溝口一花 ②林夏渚 ③富永日向 ④園田柚真 ⑤園田葵 ⑥寺田菫,17:40,18:40,
2025-07-26,土,朝送り,只津,溝口,車,707,なし,①林夏渚 ②溝口一花 ③富永日向 ④園田葵 ⑤寺田菫 ⑥園田柚真,7:50,8:40,
2025-07-26,土,昼送り,只津,溝口,車,707,なし,①溝口一花,12:40,13:20,
2025-07-27,日,夕迎え,只津,溝口,車,707,なし,①石神陽菜 ②櫻井帆斗 ③富永日向 ④櫻井斗麻 ⑤林夏渚 ⑥石神直都 ⑦櫻井麻智 ⑧溝口一花 ⑨園田柚真 ⑩寺田菫 ⑪園田葵,17:30,18:40,
2025-07-27,日,朝送り,只津,溝口,車,707,なし,①櫻井斗麻 ②櫻井帆斗 ③櫻井麻智 ④富永日向 ⑤石神直都 ⑥石神陽菜 ⑦林夏渚 ⑧溝口一花 ⑨園田葵 ⑩園田柚真 ⑪寺田菫,7:40,8:40,
2025-07-27,日,昼送り,只津,溝口,車,707,なし,①櫻井帆斗 ②石神直都 ③櫻井麻智 ④富永日向 ⑤櫻井斗麻 ⑥林夏渚 ⑦石神陽菜 ⑧寺田菫,12:40,13:20,
2025-07-28,月,夕迎え,只津,溝口,車,707,なし,①石神直都 ②石神陽菜 ③富永日向 ④林夏渚 ⑤小野凌来 ⑥溝口一花 ⑦寺田菫,17:35,18:40,
2025-07-28,月,朝送り,只津,溝口,車,707,なし,①櫻井斗麻 ②石神陽菜 ③櫻井麻智 ④林夏渚 ⑤櫻井帆斗 ⑥溝口一花 ⑦小野凌来 ⑧石神直都 ⑨富永日向 ⑩寺田菫,7:40,8:40,
2025-07-28,月,昼送り,只津,溝口,車,707,なし,①林夏渚 ②溝口一花 ③石神陽菜 ④石神直都 ⑤櫻井斗麻,12:40,13:20,
2025-07-29,火,夕迎え,只津,溝口,車,707,なし,①小野凌来 ②鈴木応介 ③森田さつき ④森田さくら ⑤櫻井斗麻 ⑥森田あやめ ⑦溝口一花 ⑧林夏渚 ⑨寺田菫,17:30,18:40,
2025-07-29,火,朝送り,只津,溝口,車,707,なし,①櫻井斗麻 ②森田さくら ③小野凌来 ④溝口一花 ⑤森田さつき ⑥鈴木応介 ⑦森田あやめ ⑧林夏渚 ⑨寺田菫,7:50,8:45,
2025-07-29,火,昼送り,只津,溝口,車,707,なし,①櫻井斗麻 ②溝口一花,12:40,13:20,
2025-07-30,水,夕迎え,只津,溝口,車,707,なし,①林大希 ②小野凌来 ③森田さつき ④森田さくら ⑤森田あやめ ⑥鈴木応介 ⑦園田葵,17:35,18:40,
2025-07-30,水,朝送り,只津,溝口,車,707,なし,①林大希 ②櫻井麻智 ③森田あやめ ④櫻井斗麻 ⑤鈴木応介 ⑥櫻井帆斗 ⑦小野凌来 ⑧森田さつき ⑨森田さくら ⑩園田葵,7:45,8:45,
2025-07-30,水,昼送り,只津,溝口,車,707,なし,①櫻井斗麻,12:40,13:20,
2025-07-31,木,夕迎え,只津,溝口,車,707,なし,①櫻井麻智 ②林大希 ③櫻井帆斗 ④小野凌来 ⑤園田葵,17:40,18:40,
2025-07-31,木,朝送り,只津,溝口,車,707,なし,①林大希 ②小野凌来 ③櫻井麻智 ④櫻井帆斗 ⑤園田葵,7:50,8:45,
2025-08-02,土,夕迎え,只津,溝口,車,707,なし,①鈴木応介 ②上田海琴,17:30,18:40,
2025-08-02,土,朝送り,只津,溝口,車,707,なし,①上田海琴 ②鈴木応介,7:40,8:40,
2025-08-03,日,夕迎え,只津,溝口,車,707,なし,①鈴木応介 ②上田海琴,17:40,18:20,
2025-08-03,日,朝送り,只津,溝口,車,707,なし,①鈴木応介 ②上田海琴,7:50,8:45,
2025-08-03,日,昼送り,只津,溝口,車,707,なし,①上田海琴,12:40,13:20,
2025-08-04,月,夕迎え,只津,溝口,車,707,なし,①上田海琴,17:30,18:20,
2025-08-04,月,朝送り,只津,溝口,車,707,なし,①上田海琴,7:40,8:40,
2025-08-05,火,夕迎え,只津,溝口,車,707,なし,①松岡蘭 ②小松島駿俊汰 ③小松島咲花 ④上田大和 ⑤上田海琴,17:40,18:40,
2025-08-05,火,朝送り,只津,溝口,車,707,なし,①小松島咲花 ②上田海琴 ③上田大和 ④小松島駿俊汰 ⑤松岡蘭,7:50,8:45,
2025-08-06,水,夕迎え,只津,溝口,車,707,なし,①小松島駿俊汰 ②小松島咲花 ③松岡蘭 ④上田大和,17:35,18:30,
2025-08-06,水,朝送り,只津,溝口,車,707,なし,①小松島駿俊汰 ②松岡蘭 ③上田大和 ④小松島咲花,7:40,8:40,
2025-08-07,木,夕迎え,只津,溝口,車,707,なし,①松岡蘭 ②小松島咲花 ③上田海琴 ④上田大和 ⑤小松島駿俊汰,17:40,18:30,
2025-08-07,木,朝送り,只津,溝口,車,707,なし,①上田海琴 ②松岡蘭 ③小松島咲花 ④小松島駿俊汰 ⑤上田大和,7:45,8:40,
2025-08-08,金,夕迎え,只津,溝口,車,707,なし,①上田大和 ②上田海琴 ③小松島駿俊汰 ④小松島咲花 ⑤松岡蘭,17:40,18:20,
2025-08-08,金,朝送り,只津,溝口,車,707,なし,①上田海琴 ②小松島駿俊汰 ③小松島咲花 ④松岡蘭 ⑤上田大和,7:45,8:40,
2025-08-09,土,夕迎え,只津,溝口,車,707,なし,①鈴木応介 ②上田海琴,17:30,18:30,
2025-08-09,土,朝送り,只津,溝口,車,707,なし,①上田海琴 ②鈴木応介,7:45,8:45,
2025-08-10,日,夕迎え,只津,溝口,車,707,なし,①鈴木応介 ②上田海琴,17:35,18:30,
2025-08-10,日,朝送り,只津,溝口,車,707,なし,①鈴木応介 ②上田海琴,7:50,8:45,
2025-08-10,日,昼送り,只津,溝口,車,707,なし,①上田海琴,12:40,13:20,
2025-08-11,月,夕迎え,只津,溝口,車,707,なし,①上田海琴,17:40,18:40,
2025-08-12,火,夕迎え,只津,溝口,車,707,なし,①小松島駿俊汰 ②松岡蘭 ③小松島咲花 ④上田海琴 ⑤上田大和,17:30,18:30,
2025-08-12,火,朝送り,只津,溝口,車,707,なし,①上田海琴 ②上田大和 ③松岡蘭 ④小松島咲花 ⑤小松島駿俊汰,7:50,8:45,
2025-08-13,水,夕迎え,只津,溝口,車,707,なし,①小松島咲花 ②小松島駿俊汰 ③松岡蘭 ④上田大和,17:35,18:30,
2025-08-13,水,朝送り,只津,溝口,車,707,なし,①松岡蘭 ②上田大和 ③小松島駿俊汰,7:40,8:45,
2025-08-14,木,夕迎え,只津,溝口,車,707,なし,①上田大和 ②松岡蘭 ③小松島駿俊汰 ④小松島咲花,17:35,18:40,
2025-08-14,木,朝送り,只津,溝口,車,707,なし,①小松島駿俊汰 ②小松島咲花 ③上田大和 ④松岡蘭,7:40,8:40,
2025-08-15,金,夕迎え,只津,溝口,車,707,なし,①上田大和 ②小松島咲花 ③松岡蘭 ④小松島駿俊汰,17:40,18:30,
2025-08-15,金,朝送り,只津,溝口,車,707,なし,①松岡蘭 ②小松島咲花 ③小松島駿俊汰,7:40,8:45,
2025-08-16,土,夕迎え,只津,溝口,車,707,なし,①上田海琴,17:30,18:20,
2025-08-16,土,朝送り,只津,溝口,車,707,なし,①上田海琴,7:40,8:40,
2025-08-17,日,夕迎え,只津,溝口,車,707,なし,①上田海琴,17:40,18:20,
2025-08-17,日,朝送り,只津,溝口,車,707,なし,①上田海琴,7:50,8:45,
2025-08-17,日,昼送り,只津,溝口,車,707,なし,①上田海琴,12:40,13:20,
2025-08-18,月,夕迎え,只津,溝口,車,707,なし,①上田海琴,17:40,18:20,
2025-08-18,月,朝送り,只津,溝口,車,707,なし,①上田海琴,7:45,8:45,
2025-08-19,火,夕迎え,只津,溝口,車,707,なし,①上田大和 ②上田海琴 ③小松島咲花 ④小松島駿俊汰 ⑤松岡蘭,17:40,18:20,
2025-08-19,火,朝送り,只津,溝口,車,707,なし,①松岡蘭 ②上田海琴 ③小松島駿俊汰 ④小松島咲花 ⑤上田大和,7:40,8:45,
2025-08-20,水,夕迎え,只津,溝口,車,707,なし,①小松島駿俊汰 ②小松島咲花 ③上田大和 ④松岡蘭,17:30,18:40,
2025-08-20,水,朝送り,只津,溝口,車,707,なし,①小松島咲花 ②上田大和 ③松岡蘭 ④小松島駿俊汰,7:50,8:40,
2025-08-21,木,夕迎え,只津,溝口,車,707,なし,①松岡蘭 ②小松島駿俊汰 ③上田大和 ④上田海琴 ⑤小松島咲花,17:30,18:40,
2025-08-21,木,朝送り,只津,溝口,車,707,なし,①松岡蘭 ②上田海琴 ③小松島駿俊汰 ④上田大和,7:45,8:40,
2025-08-22,金,夕迎え,只津,溝口,車,707,なし,①小松島駿俊汰 ②松岡蘭 ③上田海琴 ④小松島咲花 ⑤上田大和,17:30,18:20,
2025-08-22,金,朝送り,只津,溝口,車,707,なし,①小松島咲花 ②上田海琴 ③小松島駿俊汰 ④上田大和 ⑤松岡蘭,7:40,8:40,
2025-08-22,金,昼送り,只津,溝口,車,707,なし,①松岡蘭,12:40,13:20,
2025-08-23,土,夕迎え,只津,溝口,車,707,なし,①上田海琴,17:30,18:40,
2025-08-23,土,朝送り,只津,溝口,車,707,なし,①上田海琴,7:45,8:40,
2025-08-24,日,夕迎え,只津,溝口,車,707,なし,①上田海琴,17:35,18:40,
2025-08-24,日,朝送り,只津,溝口,車,707,なし,①上田海琴,7:50,8:45,
2025-08-24,日,昼送り,只津,溝口,車,707,なし,①上田海琴,12:40,13:20,
2025-08-26,火,夕迎え,只津,溝口,車,707,なし,①松岡蘭 ②上田大和 ③小松島駿俊汰 ④小松島咲花,17:40,18:30,
2025-08-26,火,朝送り,只津,溝口,車,707,なし,①上田大和 ②小松島咲花 ③小松島駿俊汰 ④松岡蘭,7:45,8:45,
2025-08-27,水,夕迎え,只津,溝口,車,707,なし,①小松島咲花 ②小松島駿俊汰 ③松岡蘭 ④上田大和,17:30,18:30,
2025-08-27,水,朝送り,只津,溝口,車,707,なし,①小松島咲花 ②松岡蘭 ③小松島駿俊汰 ④上田大和,7:50,8:40,
2025-08-28,木,夕迎え,只津,溝口,車,707,なし,①上田海琴 ②松岡蘭 ③上田大和,17:40,18:40,
2025-08-28,木,朝送り,只津,溝口,車,707,なし,①上田海琴 ②松岡蘭 ③上田大和,7:40,8:40,
2025-08-29,金,夕迎え,只津,溝口,車,707,なし,①松岡蘭 ②上田大和 ③上田海琴,17:40,18:20,
2025-08-29,金,朝送り,只津,溝口,車,707,なし,①上田大和 ②松岡蘭 ③上田海琴,7:40,8:40,
2025-08-30,土,夕迎え,只津,溝口,車,707,なし,①上田海琴 ②鈴木応介,17:30,18:30,
2025-08-30,土,朝送り,只津,溝口,車,707,なし,①上田海琴 ②鈴木応介,7:40,8:40,
2025-08-31,日,夕迎え,只津,溝口,車,707,なし,①鈴木応介 ②上田海琴,17:40,18:30,
2025-08-31,日,朝送り,只津,溝口,車,707,なし,①上田海琴 ②鈴木応介,7:45,8:45,
2025-08-31,日,昼送り,只津,溝口,車,707,なし,①上田海琴,12:40,13:20,
2025-09-01,月,夕迎え,只津,溝口,車,707,なし,①溝口一花 ②小野凌来 ③寺田菫 ④櫻井斗麻,17:30,18:40,
2025-09-01,月,朝送り,只津,溝口,車,707,なし,①櫻井帆斗 ②溝口一花 ③小野凌来 ④櫻井麻智 ⑤寺田菫 ⑥櫻井斗麻,7:40,8:40,
2025-09-02,火,夕迎え,只津,溝口,車,707,なし,①小松島駿俊汰 ②小松島咲花 ③小野凌来 ④溝口一花 ⑤林夏渚 ⑥櫻井斗麻 ⑦上田大和 ⑧櫻井帆斗 ⑨富永日向 ⑩櫻井麻智 ⑪寺田菫 ⑫園田葵,17:40,18:40,
2025-09-02,火,朝送り,只津,溝口,車,707,なし,①溝口一花 ②櫻井帆斗 ③上田大和 ④小松島咲花 ⑤小野凌来 ⑥小松島駿俊汰 ⑦富永日向 ⑧櫻井斗麻 ⑨園田葵 ⑩寺田菫,7:45,8:45,
2025-09-02,火,昼送り,只津,溝口,車,707,なし,①櫻井斗麻 ②林夏渚,12:40,13:20,
2025-09-03,水,夕迎え,只津,溝口,車,707,なし,①林夏渚 ②小松島駿俊汰 ③溝口一花 ④小野凌来 ⑤上田大和 ⑥小松島咲花 ⑦富永日向 ⑧園田葵,17:35,18:40,
2025-09-03,水,朝送り,只津,溝口,車,707,なし,①小松島咲花 ②櫻井麻智 ③富永日向 ④溝口一花 ⑤小松島駿俊汰 ⑥上田大和 ⑦櫻井帆斗 ⑧小野凌来 ⑨林夏渚 ⑩園田葵,7:50,8:45,
2025-09-04,木,夕迎え,只津,溝口,車,707,なし,①富永日向 ②林夏渚 ③溝口一花 ④上田海琴 ⑤櫻井麻智 ⑥上田大和 ⑦石原晴海 ⑧小野凌来 ⑨櫻井帆斗,17:30,18:20,
2025-09-04,木,朝送り,只津,溝口,車,707,なし,①上田大和 ②溝口一花 ③石原晴海 ④上田海琴 ⑤富永日向 ⑥櫻井帆斗 ⑦小野凌来 ⑧林夏渚 ⑨櫻井麻智,7:40,8:45,
2025-09-04,木,昼送り,只津,溝口,車,707,なし,①石原晴海 ②櫻井麻智,12:40,13:20,
2025-09-05,金,夕迎え,只津,溝口,車,707,なし,①富永日向 ②林夏渚 ③上田大和 ④石神陽菜 ⑤上田海琴 ⑥石原晴海 ⑦溝口一花 ⑧園田葵,17:35,18:40,
2025-09-05,金,朝送り,只津,溝口,車,707,なし,①上田大和 ②溝口一花 ③石神陽菜 ④上田海琴 ⑤石原晴海 ⑥林夏渚 ⑦園田葵,7:40,8:40,
2025-09-05,金,昼送り,只津,溝口,車,707,なし,①石原晴海 ②林夏渚,12:40,13:20,
2025-09-06,土,夕迎え,只津,溝口,車,707,なし,①林夏渚 ②石神直都 ③富永日向 ④石神陽菜 ⑤溝口一花 ⑥櫻井斗麻 ⑦鈴木応介 ⑧園田柚真 ⑨園田葵 ⑩寺田菫,17:30,18:40,
2025-09-06,土,朝送り,只津,溝口,車,707,なし,①櫻井斗麻 ②林夏渚 ③富永日向 ④石神直都 ⑤鈴木応介 ⑥溝口一花 ⑦石神陽菜 ⑧園田葵 ⑨寺田菫 ⑩園田柚真,7:50,8:45,
2025-09-06,土,昼送り,只津,溝口,車,707,なし,①櫻井斗麻 ②石神直都 ③石神陽菜,12:40,13:20,
2025-09-07,日,夕迎え,只津,溝口,車,707,なし,①石原晴海 ②鈴木応介 ③富永日向 ④櫻井斗麻 ⑤石神直都 ⑥小松島咲花 ⑦小松島駿俊汰 ⑧石神陽菜 ⑨園田葵 ⑩寺田菫 ⑪園田柚真,17:40,18:40,
2025-09-07,日,朝送り,只津,溝口,車,707,なし,①石原晴海 ②鈴木応介 ③小松島咲花 ④富永日向 ⑤櫻井斗麻 ⑥石神直都 ⑦石神陽菜 ⑧小松島駿俊汰 ⑨園田柚真 ⑩園田葵 ⑪寺田菫,7:50,8:45,
2025-09-07,日,昼送り,只津,溝口,車,707,なし,①櫻井斗麻 ②石神直都 ③石原晴海 ④富永日向 ⑤石神陽菜 ⑥園田葵 ⑦寺田菫,12:40,13:20,
2025-09-08,月,夕迎え,只津,溝口,車,707,なし,①溝口一花 ②石原晴海 ③小松島駿俊汰 ④小松島咲花 ⑤小野凌来 ⑥石神陽菜 ⑦寺田菫 ⑧園田葵,17:35,18:40,
2025-09-08,月,朝送り,只津,溝口,車,707,なし,①櫻井帆斗 ②櫻井麻智 ③小野凌来 ④石神陽菜 ⑤溝口一花 ⑥小松島駿俊汰 ⑦石原晴海 ⑧櫻井斗麻 ⑨小松島咲花 ⑩寺田菫,7:50,8:40,
2025-09-08,月,昼送り,只津,溝口,車,707,なし,①石神陽菜 ②石原晴海,12:40,13:20,
2025-09-09,火,夕迎え,只津,溝口,車,707,なし,①石神直都 ②小松島咲花 ③櫻井斗麻 ④櫻井麻智 ⑤小野凌来 ⑥溝口一花 ⑦林夏渚 ⑧富永日向 ⑨小松島駿俊汰 ⑩櫻井帆斗 ⑪園田葵 ⑫寺田菫,17:30,18:40,
2025-09-09,火,朝送り,只津,溝口,車,707,なし,①小松島咲花 ②小松島駿俊汰 ③櫻井斗麻 ④溝口一花 ⑤櫻井帆斗 ⑥石神直都 ⑦林夏渚 ⑧小野凌来 ⑨富永日向 ⑩寺田菫 ⑪園田葵,7:50,8:45,
2025-09-09,火,昼送り,只津,溝口,車,707,なし,①櫻井斗麻 ②林夏渚,12:40,13:20,
2025-09-10,水,夕迎え,只津,溝口,車,707,なし,①小松島咲花 ②石神直都 ③富永日向 ④小野凌来 ⑤溝口一花 ⑥林夏渚 ⑦小松島駿俊汰 ⑧園田葵,17:40,18:40,
2025-09-10,水,朝送り,只津,溝口,車,707,なし,①小松島駿俊汰 ②小野凌来 ③櫻井麻智 ④溝口一花 ⑤石神直都 ⑥櫻井帆斗 ⑦林夏渚 ⑧園田葵,7:40,8:40,
2025-09-10,水,昼送り,只津,溝口,車,707,なし,①石神直都 ②溝口一花,12:40,13:20,
2025-09-11,木,夕迎え,只津,溝口,車,707,なし,①小野凌来 ②櫻井麻智 ③富永日向 ④石原晴海 ⑤溝口一花 ⑥林夏渚 ⑦上田大和 ⑧櫻井帆斗 ⑨上田海琴,17:30,18:20,
2025-09-11,木,朝送り,只津,溝口,車,707,なし,①櫻井帆斗 ②林夏渚 ③櫻井麻智 ④小野凌来 ⑤上田海琴 ⑥石原晴海 ⑦溝口一花,7:45,8:40,
2025-09-11,木,昼送り,只津,溝口,車,707,なし,①石原晴海 ②櫻井麻智,12:40,13:20,
2025-09-12,金,夕迎え,只津,溝口,車,707,なし,①林大希 ②上田大和 ③石神陽菜 ④上田海琴 ⑤林夏渚 ⑥石原晴海 ⑦富永日向 ⑧園田葵,17:40,18:40,
2025-09-12,金,朝送り,只津,溝口,車,707,なし,①上田大和 ②富永日向 ③石原晴海 ④上田海琴 ⑤林夏渚 ⑥石神陽菜 ⑦林大希 ⑧園田葵,7:40,8:40,
2025-09-12,金,昼送り,只津,溝口,車,707,なし,①石原晴海 ②林夏渚,12:40,13:20,
2025-09-13,土,夕迎え,只津,溝口,車,707,なし,①富永日向 ②石神直都 ③林夏渚 ④林大希 ⑤櫻井斗麻 ⑥石神陽菜 ⑦寺田菫 ⑧園田柚真 ⑨園田葵,17:40,18:40,
2025-09-13,土,朝送り,只津,溝口,車,707,なし,①櫻井斗麻 ②林大希 ③林夏渚 ④石神陽菜 ⑤富永日向 ⑥園田葵 ⑦寺田菫 ⑧園田柚真,7:40,8:40,
2025-09-13,土,昼送り,只津,溝口,車,707,なし,①櫻井斗麻 ②石神直都 ③石神陽菜,12:40,13:20,
2025-09-14,日,夕迎え,只津,溝口,車,707,なし,①石原晴海 ②富永日向 ③櫻井斗麻 ④小松島駿俊汰 ⑤石神直都 ⑥林大希 ⑦小松島咲花 ⑧寺田菫 ⑨園田葵 ⑩園田柚真,17:40,18:40,
2025-09-14,日,朝送り,只津,溝口,車,707,なし,①小松島駿俊汰 ②林大希 ③櫻井斗麻 ④石原晴海 ⑤石神直都 ⑥小松島咲花 ⑦寺田菫 ⑧園田葵 ⑨園田柚真,7:45,8:45,
2025-09-14,日,昼送り,只津,溝口,車,707,なし,①石神直都 ②櫻井斗麻 ③富永日向 ④石原晴海 ⑤林大希 ⑥園田葵 ⑦寺田菫,12:40,13:20,
2025-09-15,月,夕迎え,只津,溝口,車,707,なし,①石原晴海 ②溝口一花 ③小松島駿俊汰 ④小野凌来 ⑤林大希 ⑥小松島咲花 ⑦園田葵 ⑧寺田菫,17:40,18:40,
2025-09-15,月,朝送り,只津,溝口,車,707,なし,①林大希 ②櫻井帆斗 ③小松島咲花 ④櫻井斗麻 ⑤小野凌来 ⑥櫻井麻智 ⑦小松島駿俊汰 ⑧溝口一花 ⑨石原晴海 ⑩園田葵 ⑪寺田菫,7:40,8:40,
2025-09-15,月,昼送り,只津,溝口,車,707,なし,①櫻井帆斗 ②櫻井麻智 ③石原晴海 ④園田葵,12:40,13:20,
2025-09-16,火,夕迎え,只津,溝口,車,707,なし,①林夏渚 ②小松島咲花 ③櫻井麻智 ④小野凌来 ⑤上田海琴 ⑥櫻井帆斗 ⑦小松島駿俊汰 ⑧上田大和 ⑨富永日向 ⑩溝口一花 ⑪櫻井斗麻 ⑫寺田菫 ⑬園田葵,17:35,18:40,
2025-09-16,火,朝送り,只津,溝口,車,707,なし,①林夏渚 ②小野凌来 ③溝口一花 ④富永日向 ⑤櫻井斗麻 ⑥櫻井帆斗 ⑦小松島駿俊汰 ⑧上田大和 ⑨小松島咲花 ⑩櫻井麻智 ⑪上田海琴 ⑫園田葵 ⑬寺田菫,7:40,8:45,
2025-09-16,火,昼送り,只津,溝口,車,707,なし,①林夏渚 ②櫻井斗麻,12:40,13:20,
2025-09-17,水,夕迎え,只津,溝口,車,707,なし,①小松島駿俊汰 ②上田大和 ③上田海琴 ④小松島咲花 ⑤溝口一花 ⑥林夏渚 ⑦小野凌来 ⑧富永日向 ⑨園田葵,17:30,18:40,
2025-09-17,水,朝送り,只津,溝口,車,707,なし,①小松島咲花 ②小野凌来 ③上田大和 ④富永日向 ⑤林夏渚 ⑥溝口一花 ⑦小松島駿俊汰 ⑧櫻井麻智 ⑨上田海琴 ⑩櫻井帆斗 ⑪園田葵,7:40,8:40,
2025-09-17,水,昼送り,只津,溝口,車,707,なし,①林夏渚 ②溝口一花,12:40,13:20,
2025-09-18,木,夕迎え,只津,溝口,車,707,なし,①小野凌来 ②上田海琴 ③櫻井帆斗 ④上田大和 ⑤石原晴海 ⑥笠原英二次 ⑦櫻井麻智 ⑧溝口一花 ⑨富永日向 ⑩林夏渚 ⑪寺田菫,17:40,18:40,
2025-09-18,木,朝送り,只津,溝口,車,707,なし,①櫻井帆斗 ②石原晴海 ③小野凌来 ④笠原英二次 ⑤溝口一花 ⑥櫻井麻智 ⑦上田大和 ⑧林夏渚 ⑨富永日向 ⑩上田海琴 ⑪寺田菫,7:50,8:40,
2025-09-18,木,昼送り,只津,溝口,車,707,なし,①林夏渚 ②櫻井麻智 ③石原晴海,12:40,13:20,
2025-09-19,金,夕迎え,只津,溝口,車,707,なし,①石原晴海 ②上田海琴 ③林大希 ④上田大和 ⑤富永日向 ⑥笠原英二次 ⑦石神陽菜 ⑧林夏渚 ⑨小野凌来 ⑩園田葵 ⑪寺田菫,17:30,18:40,
2025-09-19,金,朝送り,只津,溝口,車,707,なし,①笠原英二次 ②小野凌来 ③林夏渚 ④石神陽菜 ⑤富永日向 ⑥上田海琴 ⑦石原晴海 ⑧林大希 ⑨上田大和 ⑩園田葵 ⑪寺田菫,7:50,8:40,
2025-09-19,金,昼送り,只津,溝口,車,707,なし,①林夏渚 ②石原晴海 ③上田海琴,12:40,13:20,
2025-09-20,土,夕迎え,只津,溝口,車,707,なし,①石神直都 ②櫻井斗麻 ③林夏渚 ④小松島咲花 ⑤石神陽菜 ⑥富永日向 ⑦林大希 ⑧小野凌来 ⑨寺田菫 ⑩園田葵 ⑪園田柚真,17:35,18:40,
2025-09-20,土,朝送り,只津,溝口,車,707,なし,①林夏渚 ②石神直都 ③林大希 ④石神陽菜 ⑤櫻井斗麻 ⑥小松島咲花 ⑦小野凌来 ⑧富永日向 ⑨園田葵 ⑩園田柚真 ⑪寺田菫,7:40,8:40,
2025-09-20,土,昼送り,只津,溝口,車,707,なし,①石神直都 ②林夏渚 ③石神陽菜 ④櫻井斗麻,12:40,13:20,
2025-09-21,日,夕迎え,只津,溝口,車,707,なし,①石神直都 ②富永日向 ③櫻井斗麻 ④林大希 ⑤小松島駿俊汰 ⑥石原晴海 ⑦小松島咲花 ⑧園田柚真 ⑨寺田菫,17:30,18:40,
2025-09-21,日,朝送り,只津,溝口,車,707,なし,①小松島駿俊汰 ②小松島咲花 ③櫻井斗麻 ④林大希 ⑤富永日向 ⑥石神直都 ⑦寺田菫 ⑧園田柚真,7:40,8:45,
2025-09-21,日,昼送り,只津,溝口,車,707,なし,①林大希 ②石原晴海 ③富永日向 ④石神直都 ⑤櫻井斗麻 ⑥寺田菫 ⑦園田柚真,12:40,13:20,
2025-09-22,月,夕迎え,只津,溝口,車,707,なし,①小松島駿俊汰 ②溝口一花 ③石原晴海 ④小野凌来 ⑤寺田菫,17:35,18:40,
2025-09-22,月,朝送り,只津,溝口,車,707,なし,①溝口一花 ②小野凌来 ③櫻井斗麻 ④櫻井麻智 ⑤櫻井帆斗 ⑥小松島駿俊汰 ⑦石原晴海 ⑧寺田菫,7:50,8:45,
2025-09-22,月,昼送り,只津,溝口,車,707,なし,①石原晴海,12:40,13:20,
2025-09-23,火,夕迎え,只津,溝口,車,707,なし,①林夏渚 ②櫻井帆斗 ③小松島駿俊汰 ④溝口一花 ⑤小松島咲花 ⑥櫻井斗麻 ⑦櫻井麻智 ⑧小野凌来 ⑨富永日向 ⑩上田大和 ⑪園田柚真 ⑫寺田菫 ⑬園田葵,17:35,18:40,
2025-09-23,火,朝送り,只津,溝口,車,707,なし,①櫻井帆斗 ②林夏渚 ③上田大和 ④小松島咲花 ⑤櫻井斗麻 ⑥小野凌来 ⑦小松島駿俊汰 ⑧富永日向 ⑨櫻井麻智 ⑩溝口一花 ⑪園田葵 ⑫寺田菫 ⑬園田柚真,7:45,8:45,
2025-09-23,火,昼送り,只津,溝口,車,707,なし,①櫻井麻智 ②櫻井帆斗 ③櫻井斗麻 ④林夏渚 ⑤園田柚真 ⑥園田葵,12:40,13:20,
2025-09-24,水,夕迎え,只津,溝口,車,707,なし,①溝口一花 ②富永日向 ③小松島駿俊汰 ④小野凌来 ⑤小松島咲花 ⑥上田大和 ⑦林夏渚 ⑧園田柚真 ⑨園田葵,17:35,18:40,
2025-09-24,水,朝送り,只津,溝口,車,707,なし,①上田大和 ②溝口一花 ③櫻井麻智 ④櫻井帆斗 ⑤林夏渚 ⑥小松島駿俊汰 ⑦富永日向 ⑧小松島咲花 ⑨小野凌来 ⑩園田柚真 ⑪園田葵,7:50,8:40,
2025-09-25,木,夕迎え,只津,溝口,車,707,なし,①上田大和 ②櫻井帆斗 ③櫻井麻智 ④富永日向 ⑤溝口一花 ⑥小野凌来 ⑦上田海琴 ⑧笠原英二次 ⑨林夏渚,17:35,18:40,
2025-09-25,木,朝送り,只津,溝口,車,707,なし,①櫻井麻智 ②富永日向 ③溝口一花 ④上田大和 ⑤上田海琴 ⑥笠原英二次 ⑦林夏渚 ⑧小野凌来,7:40,8:40,
2025-09-25,木,昼送り,只津,溝口,車,707,なし,①櫻井麻智 ②溝口一花,12:40,13:20,
2025-09-26,金,夕迎え,只津,溝口,車,707,なし,①林大希 ②富永日向 ③林夏渚 ④上田大和 ⑤石神陽菜 ⑥笠原英二次 ⑦上田海琴 ⑧園田葵,17:35,18:40,
2025-09-26,金,朝送り,只津,溝口,車,707,なし,①上田海琴 ②石神陽菜 ③富永日向 ④笠原英二次 ⑤林夏渚 ⑥上田大和 ⑦林大希 ⑧園田葵,7:50,8:45,
2025-09-26,金,昼送り,只津,溝口,車,707,なし,①林夏渚,12:40,13:20,
2025-09-27,土,夕迎え,只津,溝口,車,707,なし,①石神直都 ②林大希 ③富永日向 ④林夏渚 ⑤石神陽菜 ⑥櫻井斗麻 ⑦寺田菫 ⑧園田葵 ⑨園田柚真,17:30,18:40,
2025-09-27,土,朝送り,只津,溝口,車,707,なし,①石神陽菜 ②林大希 ③富永日向 ④櫻井斗麻 ⑤石神直都 ⑥林夏渚 ⑦寺田菫 ⑧園田葵 ⑨園田柚真,7:40,8:45,
2025-09-27,土,昼送り,只津,溝口,車,707,なし,①櫻井斗麻 ②石神直都 ③石神陽菜,12:40,13:20,
2025-09-28,日,夕迎え,只津,溝口,車,707,なし,①富永日向 ②林大希 ③櫻井斗麻 ④石神直都 ⑤石原晴海 ⑥寺田菫 ⑦園田柚真,17:40,18:40,
2025-09-28,日,朝送り,只津,溝口,車,707,なし,①櫻井斗麻 ②富永日向 ③林大希 ④石神直都 ⑤石原晴海 ⑥園田柚真,7:50,8:45,
2025-09-28,日,昼送り,只津,溝口,車,707,なし,①林大希 ②富永日向 ③石原晴海 ④石神直都 ⑤園田柚真 ⑥寺田菫,12:40,13:20,
2025-09-29,月,夕迎え,只津,溝口,車,707,なし,①溝口一花 ②小野凌来 ③富永日向 ④石原晴海 ⑤寺田菫,17:30,18:40,
2025-09-29,月,朝送り,只津,溝口,車,707,なし,①小野凌来 ②櫻井麻智 ③櫻井斗麻 ④富永日向 ⑤溝口一花 ⑥石原晴海 ⑦櫻井帆斗 ⑧寺田菫,7:40,8:45,
2025-09-29,月,昼送り,只津,溝口,車,707,なし,①石原晴海,12:40,13:20,
2025-09-30,火,夕迎え,只津,溝口,車,707,なし,①櫻井斗麻 ②櫻井麻智 ③小野凌来 ④溝口一花 ⑤櫻井帆斗 ⑥寺田菫,17:35,18:40,
2025-09-30,火,朝送り,只津,溝口,車,707,なし,①溝口一花 ②小野凌来 ③櫻井帆斗 ④櫻井麻智 ⑤櫻井斗麻 ⑥寺田菫,7:40,8:45,
2025-09-30,火,昼送り,只津,溝口,車,707,なし,①櫻井斗麻,12:40,13:20,
2025-10-01,水,夕迎え,只津,溝口,車,707,なし,①溝口一花 ②林夏渚 ③藤川結梨 ④小野凌来,17:30,18:20,
2025-10-01,水,朝送り,只津,溝口,車,707,なし,①櫻井麻智 ②藤川結梨 ③櫻井帆斗 ④溝口一花 ⑤小野凌来 ⑥林夏渚,7:40,8:40,
2025-10-02,木,夕迎え,只津,溝口,車,707,なし,①櫻井斗麻 ②溝口一花 ③小野凌来 ④藤川結梨 ⑤上田大和 ⑥櫻井麻智 ⑦櫻井帆斗 ⑧笠原英二次 ⑨林夏渚 ⑩富永日向 ⑪寺田菫,17:30,18:40,
2025-10-02,木,朝送り,只津,溝口,車,707,なし,①櫻井斗麻 ②小野凌来 ③藤川結梨 ④林夏渚 ⑤富永日向 ⑥上田大和 ⑦櫻井麻智 ⑧櫻井帆斗 ⑨笠原英二次 ⑩寺田菫,7:40,8:40,
2025-10-03,金,夕迎え,只津,溝口,車,707,なし,①藤川結梨 ②石神陽菜 ③石原晴海 ④林大希 ⑤小野凌来 ⑥上田大和 ⑦林夏渚 ⑧笠原英二次 ⑨富永日向 ⑩櫻井斗麻 ⑪寺田菫 ⑫園田葵,17:40,18:40,
2025-10-03,金,朝送り,只津,溝口,車,707,なし,①櫻井斗麻 ②藤川結梨 ③石原晴海 ④小野凌来 ⑤林大希 ⑥上田大和 ⑦林夏渚 ⑧富永日向 ⑨笠原英二次 ⑩石神陽菜 ⑪寺田菫 ⑫園田葵,7:50,8:40,
2025-10-03,金,昼送り,只津,溝口,車,707,なし,①林夏渚,12:40,13:20,
2025-10-04,土,夕迎え,只津,溝口,車,707,なし,①櫻井斗麻 ②林大希 ③石神陽菜 ④林夏渚 ⑤小野凌来 ⑥石原晴海 ⑦富永日向 ⑧寺田菫 ⑨園田葵 ⑩園田柚真,17:35,18:40,
2025-10-04,土,朝送り,只津,溝口,車,707,なし,①富永日向 ②石原晴海 ③石神陽菜 ④小野凌来 ⑤林夏渚 ⑥櫻井斗麻 ⑦園田葵,7:40,8:45,
2025-10-04,土,昼送り,只津,溝口,車,707,なし,①石原晴海 ②櫻井斗麻 ③石神陽菜,12:40,13:20,
2025-10-05,日,夕迎え,只津,溝口,車,707,なし,①富永日向 ②石神陽菜 ③林大希 ④石神直都 ⑤小松島咲花 ⑥石原晴海 ⑦櫻井斗麻 ⑧小松島駿俊汰 ⑨寺田菫 ⑩園田柚真 ⑪園田葵,17:40,18:40,
2025-10-05,日,朝送り,只津,溝口,車,707,なし,①林大希 ②小松島駿俊汰 ③櫻井斗麻 ④石神陽菜 ⑤小松島咲花 ⑥富永日向 ⑦石神直都 ⑧石原晴海 ⑨寺田菫 ⑩園田柚真 ⑪園田葵,7:40,8:45,
2025-10-05,日,昼送り,只津,溝口,車,707,なし,①林大希 ②石原晴海 ③石神陽菜 ④石神直都 ⑤櫻井斗麻 ⑥寺田菫 ⑦園田柚真,12:40,13:20,
2025-10-06,月,夕迎え,只津,溝口,車,707,なし,①小松島咲花 ②石原晴海 ③溝口一花 ④石神陽菜 ⑤石神直都 ⑥小松島駿俊汰 ⑦小野凌来 ⑧園田葵 ⑨寺田菫,17:35,18:40,
2025-10-06,月,朝送り,只津,溝口,車,707,なし,①石神陽菜 ②櫻井斗麻 ③石神直都 ④小松島駿俊汰 ⑤櫻井麻智 ⑥溝口一花 ⑦小松島咲花 ⑧石原晴海 ⑨小野凌来 ⑩櫻井帆斗 ⑪園田葵 ⑫寺田菫,7:50,8:40,
2025-10-06,月,昼送り,只津,溝口,車,707,なし,①石神直都 ②石神陽菜,12:40,13:20,
2025-10-07,火,夕迎え,只津,溝口,車,707,なし,①小松島駿俊汰 ②櫻井帆斗 ③櫻井麻智 ④富永日向 ⑤石神直都 ⑥小野凌来 ⑦櫻井斗麻 ⑧石原晴海 ⑨溝口一花 ⑩園田柚真 ⑪園田葵 ⑫寺田菫,17:40,18:40,
2025-10-07,火,朝送り,只津,溝口,車,707,なし,①溝口一花 ②櫻井斗麻 ③富永日向 ④石神直都 ⑤石原晴海 ⑥櫻井帆斗 ⑦小野凌来 ⑧小松島駿俊汰 ⑨櫻井麻智 ⑩園田葵 ⑪園田柚真 ⑫寺田菫,7:50,8:40,
2025-10-08,水,夕迎え,只津,溝口,車,707,なし,①小野凌来 ②松岡蘭 ③富永日向 ④小松島駿俊汰 ⑤石神直都 ⑥溝口一花 ⑦石原晴海 ⑧林夏渚 ⑨園田葵 ⑩園田柚真,17:40,18:40,
2025-10-08,水,朝送り,只津,溝口,車,707,なし,①櫻井麻智 ②小松島駿俊汰 ③溝口一花 ④石原晴海 ⑤林夏渚 ⑥松岡蘭 ⑦櫻井帆斗 ⑧富永日向 ⑨石神直都 ⑩園田柚真 ⑪園田葵,7:40,8:40,
2025-10-08,水,昼送り,只津,溝口,車,707,なし,①松岡蘭,12:40,13:20,
2025-10-09,木,夕迎え,只津,溝口,車,707,なし,①小野凌来 ②櫻井斗麻 ③林夏渚 ④櫻井麻智 ⑤上田大和 ⑥藤川結梨 ⑦櫻井帆斗 ⑧溝口一花 ⑨富永日向 ⑩笠原英二次 ⑪松岡蘭 ⑫寺田菫,17:40,18:40,
2025-10-09,木,朝送り,只津,溝口,車,707,なし,①上田大和 ②松岡蘭 ③櫻井帆斗 ④藤川結梨 ⑤櫻井麻智 ⑥笠原英二次 ⑦富永日向 ⑧櫻井斗麻 ⑨溝口一花 ⑩林夏渚 ⑪小野凌来 ⑫寺田菫,7:45,8:45,
2025-10-09,木,昼送り,只津,溝口,車,707,なし,①櫻井麻智,12:40,13:20,
2025-10-10,金,夕迎え,只津,溝口,車,707,なし,①石神陽菜 ②林夏渚 ③林大希 ④藤川結梨 ⑤櫻井斗麻 ⑥上田海琴 ⑦上田千愛 ⑧笠原英二次 ⑨富永日向 ⑩上田大和 ⑪寺田菫 ⑫園田葵,17:30,18:40,
2025-10-10,金,朝送り,只津,溝口,車,707,なし,①林夏渚 ②林大希 ③笠原英二次 ④石神陽菜 ⑤櫻井斗麻 ⑥上田海琴 ⑦藤川結梨 ⑧上田大和 ⑨富永日向 ⑩上田千愛 ⑪寺田菫 ⑫園田葵,7:50,8:40,
2025-10-10,金,昼送り,只津,溝口,車,707,なし,①林夏渚,12:40,13:20,
2025-10-11,土,夕迎え,只津,溝口,車,707,なし,①林大希 ②富永日向 ③上田千愛 ④石原晴海 ⑤櫻井斗麻 ⑥林夏渚 ⑦上田海琴 ⑧石神陽菜 ⑨園田柚真 ⑩園田葵 ⑪寺田菫,17:35,18:40,
2025-10-11,土,朝送り,只津,溝口,車,707,なし,①富永日向 ②上田海琴 ③櫻井斗麻 ④林大希 ⑤上田千愛 ⑥石神陽菜 ⑦林夏渚 ⑧石原晴海 ⑨園田柚真 ⑩園田葵 ⑪寺田菫,7:40,8:40,
2025-10-11,土,昼送り,只津,溝口,車,707,なし,①石神陽菜 ②石原晴海,12:40,13:20,
2025-10-12,日,夕迎え,只津,溝口,車,707,なし,①小松島駿俊汰 ②富永日向 ③櫻井斗麻 ④石原晴海 ⑤林夏渚 ⑥林大希 ⑦小松島咲花 ⑧園田柚真 ⑨寺田菫 ⑩園田葵,17:30,18:40,
2025-10-12,日,朝送り,只津,溝口,車,707,なし,①小松島咲花 ②小松島駿俊汰 ③林大希 ④櫻井斗麻 ⑤林夏渚 ⑥富永日向 ⑦石原晴海 ⑧園田葵 ⑨寺田菫 ⑩園田柚真,7:40,8:45,
2025-10-12,日,昼送り,只津,溝口,車,707,なし,①林夏渚 ②櫻井斗麻 ③林大希 ④寺田菫 ⑤園田柚真,12:40,13:20,
2025-10-13,月,夕迎え,只津,溝口,車,707,なし,①小野凌来 ②林夏渚 ③溝口一花 ④小松島駿俊汰 ⑤小松島咲花 ⑥松岡蘭 ⑦石原晴海 ⑧園田葵 ⑨寺田菫,17:35,18:40,
2025-10-13,月,朝送り,只津,溝口,車,707,なし,①小松島駿俊汰 ②小野凌来 ③小松島咲花 ④松岡蘭 ⑤溝口一花 ⑥石原晴海 ⑦櫻井帆斗 ⑧櫻井斗麻 ⑨林夏渚 ⑩櫻井麻智 ⑪園田葵 ⑫寺田菫,7:40,8:40,
2025-10-13,月,昼送り,只津,溝口,車,707,なし,①櫻井帆斗 ②林夏渚 ③櫻井麻智,12:40,13:20,
2025-10-14,火,夕迎え,只津,溝口,車,707,なし,①石神直都 ②小松島駿俊汰 ③小松島咲花 ④櫻井麻智 ⑤富永日向 ⑥櫻井帆斗 ⑦小野凌来 ⑧櫻井斗麻 ⑨溝口一花 ⑩上田大和 ⑪松岡蘭 ⑫寺田菫 ⑬園田葵,17:30,18:40,
2025-10-14,火,朝送り,只津,溝口,車,707,なし,①櫻井斗麻 ②櫻井帆斗 ③小松島駿俊汰 ④溝口一花 ⑤松岡蘭 ⑥上田大和 ⑦櫻井麻智 ⑧小野凌来 ⑨富永日向 ⑩石神直都 ⑪寺田菫 ⑫園田葵,7:45,8:45,
2025-10-14,火,昼送り,只津,溝口,車,707,なし,①松岡蘭,12:40,13:20,
2025-10-15,水,夕迎え,只津,溝口,車,707,なし,①上田大和 ②石神直都 ③溝口一花 ④四宮鈴 ⑤富永日向 ⑥林夏渚 ⑦小野凌来 ⑧小松島咲花 ⑨小松島駿俊汰 ⑩園田葵,17:30,18:40,
2025-10-15,水,朝送り,只津,溝口,車,707,なし,①四宮鈴 ②石神直都 ③櫻井帆斗 ④小松島咲花 ⑤林夏渚 ⑥上田大和 ⑦富永日向 ⑧櫻井麻智 ⑨小松島駿俊汰 ⑩園田葵,7:40,8:40,
2025-10-15,水,昼送り,只津,溝口,車,707,なし,①四宮鈴,12:40,13:20,
2025-10-16,木,夕迎え,只津,溝口,車,707,なし,①溝口一花 ②櫻井帆斗 ③小野凌来 ④櫻井麻智 ⑤上田大和 ⑥富永日向 ⑦四宮鈴 ⑧林夏渚 ⑨藤川結梨,17:30,18:30,
2025-10-16,木,朝送り,只津,溝口,車,707,なし,①小野凌来 ②四宮鈴 ③富永日向 ④上田大和 ⑤櫻井麻智 ⑥櫻井帆斗 ⑦溝口一花 ⑧林夏渚 ⑨藤川結梨,7:50,8:40,
2025-10-16,木,昼送り,只津,溝口,車,707,なし,①櫻井麻智 ②四宮鈴,12:40,13:20,
2025-10-17,金,夕迎え,只津,溝口,車,707,なし,①溝口一花 ②上田海琴 ③四宮鈴 ④石神陽菜 ⑤藤川結梨 ⑥林夏渚 ⑦上田千愛 ⑧上田大和 ⑨富永日向 ⑩園田葵,17:40,18:40,
2025-10-17,金,朝送り,只津,溝口,車,707,なし,①富永日向 ②上田千愛 ③溝口一花 ④藤川結梨 ⑤上田海琴 ⑥石神陽菜 ⑦上田大和 ⑧林夏渚 ⑨四宮鈴 ⑩園田葵,7:40,8:45,
2025-10-17,金,昼送り,只津,溝口,車,707,なし,①四宮鈴 ②林夏渚,12:40,13:20,
2025-10-18,土,夕迎え,只津,溝口,車,707,なし,①石原晴海 ②富永日向 ③林夏渚 ④林大希 ⑤櫻井斗麻 ⑥上田海琴 ⑦四宮鈴 ⑧石神陽菜 ⑨上田千愛 ⑩園田柚真 ⑪園田葵 ⑫寺田菫,17:40,18:40,
2025-10-18,土,朝送り,只津,溝口,車,707,なし,①四宮鈴 ②富永日向 ③林夏渚 ④櫻井斗麻 ⑤石原晴海 ⑥林大希 ⑦石神陽菜 ⑧上田海琴 ⑨上田千愛 ⑩寺田菫 ⑪園田柚真 ⑫園田葵,7:40,8:45,
2025-10-18,土,昼送り,只津,溝口,車,707,なし,①石神陽菜 ②櫻井斗麻 ③四宮鈴 ④石原晴海,12:40,13:20,
2025-10-19,日,夕迎え,只津,溝口,車,707,なし,①櫻井帆斗 ②櫻井麻智 ③石原晴海 ④小松島駿俊汰 ⑤富永日向 ⑥小松島咲花 ⑦櫻井斗麻 ⑧林大希 ⑨園田葵 ⑩園田柚真 ⑪寺田菫,17:30,18:40,
2025-10-19,日,朝送り,只津,溝口,車,707,なし,①石原晴海 ②櫻井斗麻 ③櫻井帆斗 ④富永日向 ⑤林大希 ⑥小松島咲花 ⑦櫻井麻智 ⑧小松島駿俊汰 ⑨園田葵 ⑩寺田菫,7:50,8:40,
2025-10-19,日,昼送り,只津,溝口,車,707,なし,①櫻井麻智 ②林大希 ③石原晴海 ④櫻井帆斗 ⑤櫻井斗麻 ⑥園田葵 ⑦寺田菫,12:40,13:20,
2025-10-20,月,夕迎え,只津,溝口,車,707,なし,①小松島駿俊汰 ②小野凌来 ③石原晴海 ④溝口一花 ⑤小松島咲花 ⑥園田葵 ⑦寺田菫 ⑧櫻井斗麻,17:35,18:40,
2025-10-20,月,朝送り,只津,溝口,車,707,なし,①櫻井麻智 ②櫻井帆斗 ③石原晴海 ④小松島咲花 ⑤溝口一花 ⑥小松島駿俊汰 ⑦小野凌来 ⑧園田葵 ⑨櫻井斗麻,7:45,8:45,
2025-10-20,月,昼送り,只津,溝口,車,707,なし,①石原晴海,12:40,13:20,
2025-10-21,火,夕迎え,只津,溝口,車,707,なし,①上田大和 ②溝口一花 ③櫻井斗麻 ④小松島駿俊汰 ⑤櫻井麻智 ⑥櫻井帆斗 ⑦小松島咲花 ⑧石神直都 ⑨富永日向 ⑩小野凌来 ⑪寺田菫,17:30,18:40,
2025-10-21,火,朝送り,只津,溝口,車,707,なし,①小松島駿俊汰 ②石神直都 ③櫻井帆斗 ④櫻井斗麻 ⑤上田大和 ⑥櫻井麻智 ⑦溝口一花 ⑧小松島咲花 ⑨小野凌来 ⑩富永日向 ⑪寺田菫,7:45,8:45,
2025-10-22,水,夕迎え,只津,溝口,車,707,なし,①石神直都 ②小野凌来 ③上田大和 ④富永日向 ⑤溝口一花 ⑥小松島駿俊汰 ⑦小松島咲花 ⑧四宮鈴 ⑨林夏渚 ⑩櫻井帆斗,17:30,18:40,
2025-10-22,水,朝送り,只津,溝口,車,707,なし,①四宮鈴 ②櫻井麻智 ③林夏渚 ④小松島駿俊汰 ⑤富永日向 ⑥上田大和 ⑦石神直都 ⑧小野凌来 ⑨小松島咲花 ⑩溝口一花 ⑪櫻井帆斗,7:50,8:45,
2025-10-22,水,昼送り,只津,溝口,車,707,なし,①四宮鈴,12:40,13:20,
2025-10-23,木,夕迎え,只津,溝口,車,707,なし,①櫻井麻智 ②溝口一花 ③上田千愛 ④上田大和 ⑤上田海琴 ⑥林夏渚 ⑦四宮鈴 ⑧小松島咲花 ⑨小野凌来 ⑩富永日向 ⑪櫻井帆斗,17:40,18:30,
2025-10-23,木,朝送り,只津,溝口,車,707,なし,①富永日向 ②上田海琴 ③小野凌来 ④櫻井帆斗 ⑤溝口一花 ⑥上田千愛 ⑦櫻井麻智 ⑧林夏渚 ⑨小松島咲花 ⑩四宮鈴,7:50,8:45,
2025-10-23,木,昼送り,只津,溝口,車,707,なし,①四宮鈴 ②櫻井麻智,12:40,13:20,
2025-10-24,金,夕迎え,只津,溝口,車,707,なし,①小松島咲花 ②上田千愛 ③上田海琴 ④溝口一花 ⑤上田大和 ⑥林夏渚 ⑦富永日向 ⑧石神陽菜 ⑨園田葵,17:40,18:40,
2025-10-24,金,朝送り,只津,溝口,車,707,なし,①上田海琴 ②小松島咲花 ③石神陽菜 ④溝口一花 ⑤林夏渚 ⑥富永日向 ⑦上田千愛 ⑧園田葵,7:50,8:45,
2025-10-24,金,昼送り,只津,溝口,車,707,なし,①林夏渚,12:40,13:20,
2025-10-25,土,夕迎え,只津,溝口,車,707,なし,①富永日向 ②林夏渚 ③石原晴海 ④櫻井斗麻 ⑤林大希 ⑥上田千愛 ⑦上田海琴 ⑧石神陽菜 ⑨小松島咲花 ⑩園田柚真 ⑪寺田菫 ⑫園田葵,17:40,18:40,
2025-10-25,土,朝送り,只津,溝口,車,707,なし,①小松島咲花 ②上田海琴 ③富永日向 ④林大希 ⑤石神陽菜 ⑥石原晴海 ⑦櫻井斗麻 ⑧林夏渚 ⑨園田葵 ⑩寺田菫 ⑪園田柚真,7:40,8:45,
2025-10-25,土,昼送り,只津,溝口,車,707,なし,①石原晴海 ②石神陽菜 ③櫻井斗麻,12:40,13:20,
2025-10-26,日,夕迎え,只津,溝口,車,707,なし,①林大希 ②櫻井帆斗 ③富永日向 ④櫻井斗麻 ⑤櫻井麻智 ⑥石原晴海 ⑦寺田菫 ⑧園田葵 ⑨園田柚真,17:30,18:40,
2025-10-26,日,朝送り,只津,溝口,車,707,なし,①富永日向 ②石原晴海 ③林大希 ④櫻井帆斗 ⑤櫻井麻智 ⑥櫻井斗麻 ⑦園田柚真 ⑧園田葵 ⑨寺田菫,7:40,8:45,
2025-10-26,日,昼送り,只津,溝口,車,707,なし,①石原晴海 ②櫻井帆斗 ③林大希 ④櫻井斗麻 ⑤櫻井麻智 ⑥園田葵 ⑦寺田菫,12:40,13:20,
2025-10-27,月,夕迎え,只津,溝口,車,707,なし,①富永日向 ②溝口一花 ③石原晴海 ④小野凌来 ⑤寺田菫 ⑥園田葵,17:40,18:40,
2025-10-27,月,朝送り,只津,溝口,車,707,なし,①櫻井斗麻 ②富永日向 ③溝口一花 ④櫻井麻智 ⑤石原晴海 ⑥小野凌来 ⑦櫻井帆斗 ⑧寺田菫 ⑨園田葵,7:40,8:40,
2025-10-28,火,夕迎え,只津,溝口,車,707,なし,①小松島駿俊汰 ②上田千愛 ③櫻井斗麻 ④櫻井帆斗 ⑤小松島咲花 ⑥溝口一花 ⑦櫻井麻智 ⑧石神直都 ⑨上田大和 ⑩富永日向 ⑪上田海琴 ⑫小野凌来 ⑬寺田菫,17:30,18:40,
2025-10-28,火,朝送り,只津,溝口,車,707,なし,①小松島駿俊汰 ②櫻井帆斗 ③上田大和 ④小松島咲花 ⑤上田海琴 ⑥櫻井斗麻 ⑦富永日向 ⑧溝口一花 ⑨上田千愛 ⑩櫻井麻智 ⑪石神直都 ⑫小野凌来 ⑬寺田菫,7:50,8:40,
2025-10-29,水,夕迎え,只津,溝口,車,707,なし,①小松島咲花 ②上田大和 ③林夏渚 ④上田海琴 ⑤石神直都 ⑥上田千愛 ⑦溝口一花 ⑧小松島駿俊汰 ⑨富永日向 ⑩四宮鈴 ⑪小野凌来,17:40,18:20,
2025-10-29,水,朝送り,只津,溝口,車,707,なし,①溝口一花 ②上田大和 ③小野凌来 ④石神直都 ⑤小松島駿俊汰 ⑥小松島咲花 ⑦富永日向 ⑧上田千愛 ⑨櫻井帆斗 ⑩櫻井麻智 ⑪四宮鈴 ⑫林夏渚,7:40,8:45,
2025-10-29,水,昼送り,只津,溝口,車,707,なし,①四宮鈴,12:40,13:20,
2025-10-30,木,夕迎え,只津,溝口,車,707,なし,①櫻井麻智 ②松岡蘭 ③櫻井帆斗 ④林夏渚 ⑤上田大和 ⑥溝口一花 ⑦四宮鈴 ⑧小野凌来 ⑨上田千愛 ⑩上田海琴,17:35,18:30,
2025-10-30,木,朝送り,只津,溝口,車,707,なし,①上田海琴 ②溝口一花 ③櫻井帆斗 ④松岡蘭 ⑤櫻井麻智 ⑥上田千愛 ⑦四宮鈴 ⑧上田大和 ⑨小野凌来 ⑩林夏渚,7:50,8:40,
2025-10-30,木,昼送り,只津,溝口,車,707,なし,①松岡蘭 ②四宮鈴 ③櫻井麻智,12:40,13:20,
2025-10-31,金,夕迎え,只津,溝口,車,707,なし,①四宮鈴 ②上田海琴 ③松岡蘭 ④上田大和 ⑤上田千愛,17:40,18:20,
2025-10-31,金,朝送り,只津,溝口,車,707,なし,①上田海琴 ②上田千愛 ③四宮鈴 ④松岡蘭 ⑤上田大和,7:50,8:40,
2025-10-31,金,昼送り,只津,溝口,車,707,なし,①松岡蘭,12:40,13:20,
2025-11-01,土,夕迎え,只津,溝口,車,707,なし,①櫻井斗麻 ②林大希 ③石原晴海 ④富永日向 ⑤寺田菫 ⑥園田柚真,17:30,18:40,
2025-11-01,土,朝送り,只津,溝口,車,707,なし,①石原晴海 ②富永日向 ③櫻井斗麻 ④林大希 ⑤園田柚真,7:50,8:40,
2025-11-01,土,昼送り,只津,溝口,車,707,なし,①石原晴海,12:40,13:20,
2025-11-02,日,夕迎え,只津,溝口,車,707,なし,①林夏渚 ②林大希 ③石神直都 ④石神陽菜 ⑤富永日向 ⑥櫻井斗麻 ⑦石原晴海 ⑧園田葵 ⑨寺田菫 ⑩園田柚真,17:40,18:40,
2025-11-02,日,朝送り,只津,溝口,車,707,なし,①林大希 ②石神陽菜 ③富永日向 ④櫻井斗麻 ⑤石原晴海 ⑥石神直都 ⑦林夏渚 ⑧園田柚真 ⑨園田葵 ⑩寺田菫,7:40,8:40,
2025-11-02,日,昼送り,只津,溝口,車,707,なし,①石原晴海 ②富永日向 ③林夏渚 ④林大希 ⑤櫻井斗麻 ⑥石神直都 ⑦寺田菫 ⑧園田柚真,12:40,13:20,
2025-11-03,月,夕迎え,只津,溝口,車,707,なし,①石神直都 ②溝口一花 ③小野凌来 ④石原晴海 ⑤富永日向 ⑥林夏渚 ⑦石神陽菜 ⑧園田葵 ⑨寺田菫,17:35,18:40,
2025-11-03,月,朝送り,只津,溝口,車,707,なし,①林夏渚 ②溝口一花 ③小野凌来 ④石原晴海 ⑤石神直都 ⑥櫻井帆斗 ⑦櫻井麻智 ⑧富永日向 ⑨櫻井斗麻 ⑩石神陽菜 ⑪園田葵 ⑫寺田菫,7:50,8:45,
2025-11-03,月,昼送り,只津,溝口,車,707,なし,①石神直都,12:40,13:20,
2025-11-04,火,夕迎え,只津,溝口,車,707,なし,①小野凌来 ②溝口一花 ③櫻井斗麻 ④小松島咲花 ⑤櫻井麻智 ⑥櫻井帆斗 ⑦上田大和 ⑧上田海琴 ⑨小松島駿俊汰 ⑩石神直都 ⑪寺田菫 ⑫園田葵,17:35,18:40,
2025-11-04,火,朝送り,只津,溝口,車,707,なし,①上田大和 ②小松島駿俊汰 ③石神直都 ④櫻井斗麻 ⑤溝口一花 ⑥小松島咲花 ⑦上田海琴 ⑧櫻井帆斗 ⑨櫻井麻智 ⑩小野凌来 ⑪寺田菫 ⑫園田葵,7:50,8:40,
2025-11-05,水,夕迎え,只津,溝口,車,707,なし,①林夏渚 ②上田千愛 ③小松島駿俊汰 ④上田海琴 ⑤小野凌来 ⑥溝口一花 ⑦上田大和 ⑧小松島咲花 ⑨石神直都 ⑩園田葵,17:40,18:40,
2025-11-05,水,朝送り,只津,溝口,車,707,なし,①小松島駿俊汰 ②石神直都 ③上田大和 ④櫻井麻智 ⑤上田海琴 ⑥溝口一花 ⑦櫻井帆斗 ⑧小松島咲花 ⑨上田千愛 ⑩小野凌来 ⑪園田葵,7:40,8:45,
2025-11-06,木,夕迎え,只津,溝口,車,707,なし,①上田千愛 ②笠原英二次 ③林夏渚 ④小野凌来 ⑤櫻井麻智 ⑥小松島咲花 ⑦富永日向 ⑧溝口一花 ⑨櫻井帆斗 ⑩櫻井斗麻 ⑪小松島駿俊汰 ⑫寺田菫,17:40,18:40,
2025-11-06,木,朝送り,只津,溝口,車,707,なし,①櫻井斗麻 ②小松島咲花 ③上田千愛 ④小松島駿俊汰 ⑤小野凌来 ⑥櫻井麻智 ⑦富永日向 ⑧林夏渚 ⑨笠原英二次 ⑩櫻井帆斗 ⑪溝口一花 ⑫寺田菫,7:40,8:40,
2025-11-07,金,夕迎え,只津,溝口,車,707,なし,①富永日向 ②溝口一花 ③笠原英二次 ④櫻井斗麻 ⑤櫻井帆斗 ⑥石神陽菜 ⑦林夏渚 ⑧小松島咲花 ⑨櫻井麻智 ⑩小松島駿俊汰 ⑪寺田菫,17:40,18:40,
2025-11-07,金,朝送り,只津,溝口,車,707,なし,①林夏渚 ②石神陽菜 ③笠原英二次 ④溝口一花 ⑤小松島駿俊汰 ⑥櫻井斗麻 ⑦櫻井麻智 ⑧小松島咲花 ⑨富永日向 ⑩寺田菫,7:45,8:40,
2025-11-07,金,昼送り,只津,溝口,車,707,なし,①林夏渚 ②石神陽菜,12:40,13:20,
2025-11-08,土,夕迎え,只津,溝口,車,707,なし,①櫻井帆斗 ②櫻井麻智 ③林大希 ④石神陽菜 ⑤溝口一花 ⑥林夏渚 ⑦石原晴海 ⑧櫻井斗麻 ⑨富永日向 ⑩寺田菫 ⑪園田柚真,17:30,18:40,
2025-11-08,土,朝送り,只津,溝口,車,707,なし,①櫻井帆斗 ②石神陽菜 ③林夏渚 ④石原晴海 ⑤富永日向 ⑥溝口一花 ⑦櫻井斗麻 ⑧林大希 ⑨櫻井麻智 ⑩寺田菫 ⑪園田柚真,7:45,8:45,
2025-11-08,土,昼送り,只津,溝口,車,707,なし,①石原晴海,12:40,13:20,
2025-11-09,日,夕迎え,只津,溝口,車,707,なし,①石原晴海 ②林大希 ③櫻井斗麻 ④上田海琴 ⑤富永日向 ⑥寺田菫 ⑦園田葵 ⑧園田柚真,17:30,18:40,
2025-11-09,日,朝送り,只津,溝口,車,707,なし,①林大希 ②石原晴海 ③上田海琴 ④富永日向 ⑤園田葵 ⑥園田柚真 ⑦寺田菫,7:45,8:45,
2025-11-09,日,昼送り,只津,溝口,車,707,なし,①石原晴海 ②富永日向 ③櫻井斗麻 ④林大希 ⑤園田柚真 ⑥園田葵 ⑦寺田菫,12:40,13:20,
2025-11-10,月,夕迎え,只津,溝口,車,707,なし,①上田海琴 ②富永日向 ③溝口一花 ④石原晴海 ⑤小野凌来 ⑥林大希 ⑦寺田菫 ⑧園田葵,17:30,18:40,
2025-11-10,月,朝送り,只津,溝口,車,707,なし,①石原晴海 ②櫻井斗麻 ③櫻井麻智 ④溝口一花 ⑤櫻井帆斗 ⑥上田海琴 ⑦小野凌来 ⑧富永日向 ⑨林大希 ⑩寺田菫 ⑪園田葵,7:40,8:40,
2025-11-11,火,夕迎え,只津,溝口,車,707,なし,①小野凌来 ②櫻井帆斗 ③石神直都 ④溝口一花 ⑤櫻井麻智 ⑥小松島咲花 ⑦櫻井斗麻 ⑧上田大和 ⑨富永日向 ⑩小松島駿俊汰 ⑪寺田菫 ⑫園田葵,17:40,18:40,
2025-11-11,火,朝送り,只津,溝口,車,707,なし,①櫻井帆斗 ②石神直都 ③上田大和 ④櫻井麻智 ⑤櫻井斗麻 ⑥小野凌来 ⑦富永日向 ⑧溝口一花 ⑨小松島駿俊汰 ⑩園田葵 ⑪寺田菫,7:45,8:45,
2025-11-12,水,夕迎え,只津,溝口,車,707,なし,①小松島咲花 ②富永日向 ③石神直都 ④小野凌来 ⑤上田大和 ⑥林夏渚 ⑦小松島駿俊汰 ⑧溝口一花 ⑨園田葵,17:40,18:40,
2025-11-12,水,朝送り,只津,溝口,車,707,なし,①小松島咲花 ②林夏渚 ③上田大和 ④小松島駿俊汰 ⑤石神直都 ⑥櫻井麻智 ⑦溝口一花 ⑧富永日向 ⑨櫻井帆斗 ⑩園田葵,7:40,8:45,
2025-11-13,木,夕迎え,只津,溝口,車,707,なし,①藤川結梨 ②櫻井麻智 ③小松島駿俊汰 ④櫻井帆斗 ⑤富永日向 ⑥林夏渚 ⑦笠原英二次 ⑧小松島咲花 ⑨小野凌来 ⑩溝口一花,17:30,18:20,
2025-11-13,木,朝送り,只津,溝口,車,707,なし,①藤川結梨 ②櫻井帆斗 ③林夏渚 ④富永日向 ⑤笠原英二次 ⑥小松島咲花 ⑦小野凌来 ⑧溝口一花 ⑨櫻井麻智 ⑩小松島駿俊汰,7:40,8:45,
2025-11-14,金,夕迎え,只津,溝口,車,707,なし,①小松島咲花 ②小松島駿俊汰 ③富永日向 ④櫻井麻智 ⑤笠原英二次 ⑥櫻井帆斗 ⑦林夏渚 ⑧藤川結梨 ⑨石神陽菜 ⑩林大希,17:35,18:20,
2025-11-14,金,朝送り,只津,溝口,車,707,なし,①林夏渚 ②小松島咲花 ③櫻井麻智 ④林大希 ⑤石神陽菜 ⑥小松島駿俊汰 ⑦櫻井帆斗 ⑧藤川結梨 ⑨笠原英二次 ⑩富永日向,7:50,8:40,
2025-11-14,金,昼送り,只津,溝口,車,707,なし,①林夏渚,12:40,13:20,
2025-11-15,土,夕迎え,只津,溝口,車,707,なし,①石原晴海 ②櫻井帆斗 ③林大希 ④櫻井麻智 ⑤林夏渚 ⑥石神陽菜 ⑦櫻井斗麻 ⑧富永日向 ⑨寺田菫 ⑩園田柚真,17:35,18:40,
2025-11-15,土,朝送り,只津,溝口,車,707,なし,①櫻井麻智 ②櫻井帆斗 ③林大希 ④富永日向 ⑤石原晴海 ⑥石神陽菜 ⑦櫻井斗麻 ⑧林夏渚 ⑨園田柚真,7:45,8:45,
2025-11-15,土,昼送り,只津,溝口,車,707,なし,①石原晴海 ②石神陽菜,12:40,13:20,
2025-11-16,日,夕迎え,只津,溝口,車,707,なし,①富永日向 ②溝口一花 ③櫻井斗麻 ④石原晴海 ⑤林大希 ⑥林夏渚 ⑦寺田菫 ⑧園田葵 ⑨園田柚真,17:35,18:40,
2025-11-16,日,朝送り,只津,溝口,車,707,なし,①石原晴海 ②櫻井斗麻 ③林夏渚 ④溝口一花 ⑤富永日向 ⑥林大希 ⑦園田葵 ⑧寺田菫 ⑨園田柚真,7:50,8:45,
2025-11-16,日,昼送り,只津,溝口,車,707,なし,①石原晴海 ②溝口一花 ③富永日向 ④櫻井斗麻 ⑤林大希 ⑥園田柚真 ⑦寺田菫 ⑧園田葵,12:40,13:20,
2025-11-17,月,夕迎え,只津,溝口,車,707,なし,①石原晴海 ②富永日向 ③溝口一花 ④林夏渚 ⑤林大希 ⑥小野凌来 ⑦園田葵 ⑧寺田菫,17:40,18:40,
2025-11-17,月,朝送り,只津,溝口,車,707,なし,①櫻井帆斗 ②櫻井麻智 ③林大希 ④石原晴海 ⑤櫻井斗麻 ⑥富永日向 ⑦溝口一花 ⑧林夏渚 ⑨小野凌来 ⑩寺田菫 ⑪園田葵,7:50,8:45,
2025-11-18,火,夕迎え,只津,溝口,車,707,なし,①櫻井帆斗 ②溝口一花 ③上田海琴 ④石神直都 ⑤小野凌来 ⑥上田大和 ⑦富永日向 ⑧櫻井斗麻 ⑨櫻井麻智 ⑩小松島駿俊汰 ⑪小松島咲花 ⑫寺田菫 ⑬園田葵,17:35,18:40,
2025-11-18,火,朝送り,只津,溝口,車,707,なし,①上田海琴 ②櫻井麻智 ③櫻井帆斗 ④上田大和 ⑤小松島咲花 ⑥小野凌来 ⑦溝口一花 ⑧櫻井斗麻 ⑨石神直都 ⑩小松島駿俊汰 ⑪富永日向 ⑫寺田菫 ⑬園田葵,7:50,8:40,
2025-11-19,水,夕迎え,只津,溝口,車,707,なし,①林夏渚 ②小松島駿俊汰 ③石神直都 ④溝口一花 ⑤上田大和 ⑥上田海琴 ⑦小松島咲花 ⑧富永日向 ⑨小野凌来 ⑩園田葵,17:35,18:40,
2025-11-19,水,朝送り,只津,溝口,車,707,なし,①櫻井帆斗 ②富永日向 ③上田大和 ④櫻井麻智 ⑤溝口一花 ⑥小松島駿俊汰 ⑦林夏渚 ⑧小野凌来 ⑨上田海琴 ⑩石神直都 ⑪小松島咲花 ⑫園田葵,7:40,8:45,
2025-11-19,水,昼送り,只津,溝口,車,707,なし,①溝口一花,12:40,13:20,
2025-11-20,木,夕迎え,只津,溝口,車,707,なし,①小松島駿俊汰 ②小松島咲花 ③藤川結梨 ④溝口一花 ⑤上田海琴 ⑥櫻井麻智 ⑦櫻井帆斗 ⑧林夏渚 ⑨小野凌来 ⑩富永日向 ⑪上田大和,17:35,18:20,
2025-11-20,木,朝送り,只津,溝口,車,707,なし,①櫻井麻智 ②小野凌来 ③上田大和 ④小松島駿俊汰 ⑤上田海琴 ⑥林夏渚 ⑦富永日向 ⑧藤川結梨 ⑨溝口一花 ⑩小松島咲花 ⑪櫻井帆斗,7:45,8:45,
2025-11-21,金,夕迎え,只津,溝口,車,707,なし,①石神陽菜 ②林夏渚 ③上田大和 ④富永日向 ⑤小松島咲花 ⑥石原晴海 ⑦林大希 ⑧小野凌来 ⑨藤川結梨 ⑩上田海琴 ⑪小松島駿俊汰 ⑫園田葵,17:35,18:40,
2025-11-21,金,朝送り,只津,溝口,車,707,なし,①林夏渚 ②上田海琴 ③小野凌来 ④藤川結梨 ⑤小松島咲花 ⑥石原晴海 ⑦林大希 ⑧上田大和 ⑨小松島駿俊汰 ⑩石神陽菜 ⑪富永日向 ⑫園田葵,7:45,8:40,
2025-11-21,金,昼送り,只津,溝口,車,707,なし,①林夏渚 ②石神陽菜,12:40,13:20,
2025-11-22,土,夕迎え,只津,溝口,車,707,なし,①林大希 ②石原晴海 ③石神陽菜 ④富永日向 ⑤林夏渚 ⑥小野凌来 ⑦櫻井斗麻 ⑧園田葵 ⑨寺田菫 ⑩園田柚真,17:35,18:40,
2025-11-22,土,朝送り,只津,溝口,車,707,なし,①石神陽菜 ②林夏渚 ③林大希 ④小野凌来 ⑤石原晴海 ⑥園田柚真 ⑦園田葵 ⑧寺田菫,7:50,8:40,
2025-11-22,土,昼送り,只津,溝口,車,707,なし,①石原晴海,12:40,13:20,
2025-11-23,日,夕迎え,只津,溝口,車,707,なし,①上田大和 ②上田海琴 ③林大希 ④櫻井斗麻 ⑤富永日向 ⑥石原晴海 ⑦園田柚真 ⑧寺田菫 ⑨園田葵,17:40,18:40,
2025-11-23,日,朝送り,只津,溝口,車,707,なし,①石原晴海 ②林大希 ③上田大和 ④上田海琴 ⑤富永日向 ⑥園田柚真 ⑦園田葵,7:50,8:40,
2025-11-23,日,昼送り,只津,溝口,車,707,なし,①石原晴海 ②富永日向 ③林大希 ④櫻井斗麻 ⑤園田柚真 ⑥寺田菫 ⑦園田葵,12:40,13:20,
2025-11-24,月,夕迎え,只津,溝口,車,707,なし,①上田大和 ②林大希 ③石原晴海 ④富永日向 ⑤小野凌来 ⑥上田海琴 ⑦園田葵 ⑧寺田菫,17:40,18:40,
2025-11-24,月,朝送り,只津,溝口,車,707,なし,①石原晴海 ②富永日向 ③林大希 ④上田大和 ⑤上田海琴 ⑥櫻井帆斗 ⑦櫻井斗麻 ⑧櫻井麻智 ⑨小野凌来 ⑩寺田菫 ⑪園田葵,7:40,8:45,
2025-11-25,火,夕迎え,只津,溝口,車,707,なし,①小松島咲花 ②小野凌来 ③櫻井麻智 ④櫻井斗麻 ⑤櫻井帆斗 ⑥上田大和 ⑦上田海琴 ⑧石神直都 ⑨小松島駿俊汰 ⑩園田葵 ⑪寺田菫,17:35,18:40,
2025-11-25,火,朝送り,只津,溝口,車,707,なし,①上田大和 ②小松島咲花 ③櫻井麻智 ④小松島駿俊汰 ⑤上田海琴 ⑥小野凌来 ⑦櫻井帆斗 ⑧寺田菫 ⑨園田葵,7:40,8:40,
2025-11-26,水,夕迎え,只津,溝口,車,707,なし,①林夏渚 ②小松島咲花 ③上田大和 ④小松島駿俊汰 ⑤小野凌来 ⑥溝口一花 ⑦石神直都 ⑧林大希 ⑨上田海琴 ⑩園田葵,17:30,18:40,
2025-11-26,水,朝送り,只津,溝口,車,707,なし,①上田大和 ②上田海琴 ③溝口一花 ④櫻井麻智 ⑤小野凌来 ⑥小松島駿俊汰 ⑦林大希 ⑧林夏渚 ⑨石神直都 ⑩小松島咲花 ⑪櫻井帆斗 ⑫園田葵,7:40,8:45,
2025-11-27,木,夕迎え,只津,溝口,車,707,なし,①上田大和 ②上田千愛 ③溝口一花 ④藤川結梨 ⑤上田海琴 ⑥林大希 ⑦櫻井帆斗 ⑧小野凌来 ⑨林夏渚 ⑩櫻井麻智,17:35,18:30,
2025-11-27,木,朝送り,只津,溝口,車,707,なし,①藤川結梨 ②溝口一花 ③櫻井麻智 ④上田千愛 ⑤林大希 ⑥櫻井帆斗 ⑦上田海琴 ⑧小野凌来 ⑨林夏渚 ⑩上田大和,7:40,8:45,
2025-11-27,木,昼送り,只津,溝口,車,707,なし,①溝口一花,12:40,13:20,
2025-11-28,金,夕迎え,只津,溝口,車,707,なし,①小野凌来 ②上田千愛 ③溝口一花 ④林夏渚 ⑤藤川結梨 ⑥林大希 ⑦石神陽菜 ⑧上田大和 ⑨富永日向 ⑩上田海琴 ⑪園田葵,17:30,18:40,
2025-11-28,金,朝送り,只津,溝口,車,707,なし,①上田海琴 ②林夏渚 ③上田大和 ④富永日向 ⑤上田千愛 ⑥小野凌来 ⑦石神陽菜 ⑧藤川結梨 ⑨林大希 ⑩園田葵,7:45,8:45,
2025-11-28,金,昼送り,只津,溝口,車,707,なし,①林夏渚,12:40,13:20,
2025-11-29,土,夕迎え,只津,溝口,車,707,なし,①林夏渚 ②富永日向 ③石原晴海 ④小野凌来 ⑤溝口一花 ⑥櫻井斗麻 ⑦藤川結梨 ⑧石神陽菜 ⑨園田柚真 ⑩寺田菫 ⑪園田葵,17:35,18:40,
2025-11-29,土,朝送り,只津,溝口,車,707,なし,①石原晴海 ②藤川結梨 ③溝口一花 ④小野凌来 ⑤石神陽菜 ⑥林夏渚 ⑦櫻井斗麻 ⑧富永日向 ⑨園田葵 ⑩園田柚真 ⑪寺田菫,7:45,8:40,
2025-11-29,土,昼送り,只津,溝口,車,707,なし,①石神陽菜 ②石原晴海,12:40,13:20,
2025-11-30,日,夕迎え,只津,溝口,車,707,なし,①溝口一花 ②櫻井斗麻 ③富永日向 ④石原晴海 ⑤寺田菫 ⑥園田柚真,17:30,18:40,
2025-11-30,日,朝送り,只津,溝口,車,707,なし,①富永日向 ②石原晴海 ③溝口一花 ④園田柚真 ⑤寺田菫,7:40,8:45,
2025-11-30,日,昼送り,只津,溝口,車,707,なし,①富永日向 ②石原晴海 ③櫻井斗麻 ④溝口一花 ⑤園田柚真 ⑥寺田菫,12:40,13:20,
2025-12-01,月,夕迎え,只津,溝口,車,707,なし,①溝口一花 ②小野凌来 ③寺田菫,17:30,18:40,
2025-12-01,月,朝送り,只津,溝口,車,707,なし,①櫻井麻智 ②溝口一花 ③小野凌来 ④櫻井帆斗 ⑤櫻井斗麻 ⑥寺田菫,7:50,8:40,
2025-12-02,火,夕迎え,只津,溝口,車,707,なし,①櫻井麻智 ②四宮鈴 ③櫻井帆斗 ④櫻井斗麻 ⑤上田千愛 ⑥小野凌来 ⑦松岡蘭 ⑧上田大和 ⑨溝口一花 ⑩寺田菫 ⑪園田葵,17:40,18:40,
2025-12-02,火,朝送り,只津,溝口,車,707,なし,①四宮鈴 ②上田大和 ③溝口一花 ④櫻井麻智 ⑤松岡蘭 ⑥櫻井斗麻 ⑦櫻井帆斗 ⑧小野凌来 ⑨上田千愛 ⑩寺田菫,7:50,8:45,
2025-12-03,水,夕迎え,只津,溝口,車,707,なし,①林夏渚 ②四宮鈴 ③松岡蘭 ④小野凌来 ⑤上田大和 ⑥上田千愛 ⑦溝口一花 ⑧園田葵,17:30,18:40,
2025-12-03,水,朝送り,只津,溝口,車,707,なし,①松岡蘭 ②櫻井麻智 ③櫻井斗麻 ④四宮鈴 ⑤櫻井帆斗 ⑥溝口一花 ⑦上田千愛 ⑧上田大和 ⑨林夏渚 ⑩小野凌来 ⑪園田葵,7:40,8:45,
2025-12-03,水,昼送り,只津,溝口,車,707,なし,①溝口一花,12:40,13:20,
2025-12-04,木,夕迎え,只津,溝口,車,707,なし,①櫻井帆斗 ②上田千愛 ③四宮鈴 ④松岡蘭 ⑤溝口一花 ⑥上田海琴 ⑦小野凌来 ⑧櫻井麻智 ⑨林夏渚 ⑩上田大和 ⑪櫻井斗麻,17:40,18:20,
2025-12-04,木,朝送り,只津,溝口,車,707,なし,①櫻井斗麻 ②上田海琴 ③松岡蘭 ④櫻井麻智 ⑤林夏渚 ⑥上田大和 ⑦溝口一花 ⑧小野凌来 ⑨四宮鈴 ⑩上田千愛,7:50,8:45,
2025-12-05,金,夕迎え,只津,溝口,車,707,なし,①林大希 ②四宮鈴 ③松岡蘭 ④上田千愛 ⑤香村慧 ⑥石神陽菜 ⑦上田大和 ⑧香村快 ⑨林夏渚 ⑩上田海琴,17:40,18:40,
2025-12-05,金,朝送り,只津,溝口,車,707,なし,①上田千愛 ②林大希 ③林夏渚 ④上田大和 ⑤松岡蘭 ⑥香村快 ⑦香村慧 ⑧石神陽菜 ⑨上田海琴 ⑩四宮鈴,7:40,8:40,
2025-12-06,土,夕迎え,只津,溝口,車,707,なし,①松岡蘭 ②林夏渚 ③香村快 ④石神陽菜 ⑤向井瑠華 ⑥香村慧 ⑦四宮鈴 ⑧櫻井斗麻 ⑨林大希 ⑩向井永愛 ⑪園田柚真 ⑫寺田菫,17:40,18:40,
2025-12-06,土,朝送り,只津,溝口,車,707,なし,①向井永愛 ②林大希 ③松岡蘭 ④香村快 ⑤香村慧 ⑥櫻井斗麻 ⑦向井瑠華 ⑧林夏渚 ⑨四宮鈴 ⑩石神陽菜 ⑪園田柚真 ⑫寺田菫,7:45,8:40,
2025-12-06,土,昼送り,只津,溝口,車,707,なし,①石神陽菜,12:40,13:20,
2025-12-07,日,夕迎え,只津,溝口,車,707,なし,①向井永愛 ②櫻井斗麻 ③林夏渚 ④林大希 ⑤上田千愛 ⑥四宮鈴 ⑦松岡蘭 ⑧向井瑠華 ⑨園田葵 ⑩園田柚真 ⑪寺田菫,17:40,18:40,
2025-12-07,日,朝送り,只津,溝口,車,707,なし,①林夏渚 ②向井永愛 ③向井瑠華 ④櫻井斗麻 ⑤四宮鈴 ⑥上田千愛 ⑦松岡蘭 ⑧林大希 ⑨園田柚真 ⑩園田葵,7:50,8:40,
2025-12-07,日,昼送り,只津,溝口,車,707,なし,①林大希 ②向井瑠華 ③林夏渚 ④松岡蘭 ⑤上田千愛 ⑥櫻井斗麻 ⑦寺田菫 ⑧園田葵 ⑨園田柚真,12:40,13:20,
2025-12-08,月,夕迎え,只津,溝口,車,707,なし,①林夏渚 ②林大希 ③小野凌来 ④上田千愛 ⑤溝口一花 ⑥四宮鈴 ⑦松岡蘭 ⑧寺田菫 ⑨園田葵,17:40,18:40,
2025-12-08,月,朝送り,只津,溝口,車,707,なし,①櫻井斗麻 ②櫻井麻智 ③林大希 ④上田千愛 ⑤櫻井帆斗 ⑥小野凌来 ⑦溝口一花 ⑧松岡蘭 ⑨林夏渚 ⑩四宮鈴 ⑪園田葵 ⑫寺田菫,7:40,8:40,
2025-12-09,火,夕迎え,只津,溝口,車,707,なし,①上田海琴 ②富永日向 ③松岡蘭 ④櫻井帆斗 ⑤石神直都 ⑥櫻井斗麻 ⑦溝口一花 ⑧櫻井麻智 ⑨上田大和 ⑩小松島咲花 ⑪小松島駿俊汰 ⑫小野凌来 ⑬寺田菫 ⑭園田葵,17:40,18:40,
2025-12-09,火,朝送り,只津,溝口,車,707,なし,①上田大和 ②小松島咲花 ③小野凌来 ④櫻井麻智 ⑤石神直都 ⑥溝口一花 ⑦上田海琴 ⑧松岡蘭 ⑨小松島駿俊汰 ⑩富永日向 ⑪櫻井斗麻 ⑫櫻井帆斗 ⑬園田葵 ⑭寺田菫,7:50,8:45,
2025-12-10,水,夕迎え,只津,溝口,車,707,なし,①林夏渚 ②小松島駿俊汰 ③小野凌来 ④松岡蘭 ⑤小松島咲花 ⑥上田千愛 ⑦上田海琴 ⑧石神直都 ⑨溝口一花 ⑩富永日向 ⑪上田大和 ⑫園田葵,17:30,18:40,
2025-12-10,水,朝送り,只津,溝口,車,707,なし,①小松島咲花 ②小松島駿俊汰 ③林夏渚 ④松岡蘭 ⑤小野凌来 ⑥上田海琴 ⑦櫻井帆斗 ⑧石神直都 ⑨富永日向 ⑩上田千愛 ⑪櫻井麻智 ⑫溝口一花 ⑬上田大和 ⑭園田葵,7:40,8:40,
2025-12-10,水,昼送り,只津,溝口,車,707,なし,①溝口一花,12:40,13:20,
2025-12-11,木,夕迎え,只津,溝口,車,707,なし,①上田海琴 ②小松島咲花 ③小松島駿俊汰 ④上田千愛 ⑤上田大和 ⑥林夏渚 ⑦小野凌来 ⑧櫻井麻智 ⑨富永日向 ⑩松岡蘭 ⑪石神直都 ⑫櫻井帆斗 ⑬溝口一花,17:35,18:30,
2025-12-11,木,朝送り,只津,溝口,車,707,なし,①富永日向 ②溝口一花 ③小松島咲花 ④櫻井帆斗 ⑤林夏渚 ⑥上田海琴 ⑦小松島駿俊汰 ⑧石神直都 ⑨櫻井麻智 ⑩上田大和 ⑪上田千愛 ⑫松岡蘭 ⑬小野凌来,7:50,8:45,
2025-12-12,金,夕迎え,只津,溝口,車,707,なし,①上田大和 ②石神陽菜 ③石神直都 ④小松島駿俊汰 ⑤林大希 ⑥上田千愛 ⑦香村快 ⑧富永日向 ⑨林夏渚 ⑩小松島咲花 ⑪香村慧 ⑫松岡蘭 ⑬上田海琴,17:30,18:20,
2025-12-12,金,朝送り,只津,溝口,車,707,なし,①小松島咲花 ②香村慧 ③小松島駿俊汰 ④石神直都 ⑤林大希 ⑥上田大和 ⑦上田千愛 ⑧香村快 ⑨富永日向 ⑩石神陽菜 ⑪林夏渚 ⑫松岡蘭 ⑬上田海琴,7:45,8:45,
2025-12-13,土,夕迎え,只津,溝口,車,707,なし,①松岡蘭 ②林夏渚 ③向井永愛 ④林大希 ⑤四宮鈴 ⑥香村慧 ⑦向井瑠華 ⑧石神陽菜 ⑨香村快 ⑩櫻井斗麻 ⑪園田柚真 ⑫寺田菫,17:30,18:40,
2025-12-13,土,朝送り,只津,溝口,車,707,なし,①松岡蘭 ②香村快 ③林大希 ④向井瑠華 ⑤櫻井斗麻 ⑥林夏渚 ⑦香村慧 ⑧四宮鈴 ⑨石神陽菜 ⑩向井永愛 ⑪寺田菫 ⑫園田柚真,7:45,8:40,
2025-12-13,土,昼送り,只津,溝口,車,707,なし,①石神陽菜,12:40,13:20,
2025-12-14,日,夕迎え,只津,溝口,車,707,なし,①松岡蘭 ②小松島咲花 ③向井永愛 ④向井瑠華 ⑤櫻井斗麻 ⑥林大希 ⑦富永日向 ⑧上田大和 ⑨四宮鈴 ⑩園田柚真 ⑪園田葵 ⑫寺田菫,17:30,18:40,
2025-12-14,日,朝送り,只津,溝口,車,707,なし,①櫻井斗麻 ②上田大和 ③林大希 ④四宮鈴 ⑤向井瑠華 ⑥小松島咲花 ⑦向井永愛 ⑧松岡蘭 ⑨富永日向 ⑩寺田菫 ⑪園田葵 ⑫園田柚真,7:50,8:40,
2025-12-14,日,昼送り,只津,溝口,車,707,なし,①小松島咲花 ②林大希 ③櫻井斗麻 ④富永日向 ⑤向井瑠華 ⑥松岡蘭 ⑦向井永愛 ⑧園田葵 ⑨園田柚真,12:40,13:20,
2025-12-15,月,夕迎え,只津,溝口,車,707,なし,①上田大和 ②小野凌来 ③松岡蘭 ④溝口一花 ⑤四宮鈴 ⑥林大希 ⑦富永日向 ⑧小松島咲花 ⑨寺田菫 ⑩園田葵,17:40,18:40,
2025-12-15,月,朝送り,只津,溝口,車,707,なし,①櫻井麻智 ②林大希 ③小松島咲花 ④溝口一花 ⑤松岡蘭 ⑥上田大和 ⑦櫻井帆斗 ⑧富永日向 ⑨四宮鈴 ⑩小野凌来 ⑪櫻井斗麻 ⑫寺田菫 ⑬園田葵,7:50,8:45,
2025-12-16,火,夕迎え,只津,溝口,車,707,なし,①松岡蘭 ②櫻井麻智 ③上田海琴 ④石神直都 ⑤小野凌来 ⑥上田大和 ⑦富永日向 ⑧櫻井帆斗 ⑨櫻井斗麻 ⑩小松島駿俊汰 ⑪溝口一花 ⑫小松島咲花 ⑬寺田菫 ⑭園田葵,17:35,18:40,
2025-12-16,火,朝送り,只津,溝口,車,707,なし,①上田海琴 ②櫻井斗麻 ③松岡蘭 ④上田大和 ⑤小松島咲花 ⑥小野凌来 ⑦櫻井麻智 ⑧櫻井帆斗 ⑨溝口一花 ⑩小松島駿俊汰 ⑪富永日向 ⑫寺田菫 ⑬園田葵,7:50,8:40,
2025-12-17,水,夕迎え,只津,溝口,車,707,なし,①松岡蘭 ②小松島駿俊汰 ③石神直都 ④林夏渚 ⑤上田大和 ⑥上田海琴 ⑦小松島咲花 ⑧富永日向 ⑨溝口一花 ⑩小野凌来 ⑪園田葵,17:35,18:40,
2025-12-17,水,朝送り,只津,溝口,車,707,なし,①櫻井帆斗 ②富永日向 ③上田大和 ④櫻井麻智 ⑤溝口一花 ⑥小松島駿俊汰 ⑦林夏渚 ⑧松岡蘭 ⑨上田海琴 ⑩石神直都 ⑪小松島咲花 ⑫園田葵,7:40,8:45,
2025-12-17,水,昼送り,只津,溝口,車,707,なし,①溝口一花,12:40,13:20,
2025-12-18,木,夕迎え,只津,溝口,車,707,なし,①石神直都 ②櫻井麻智 ③林夏渚 ④櫻井帆斗 ⑤笠原英二次 ⑥溝口一花 ⑦上田大和 ⑧小松島咲花 ⑨富永日向 ⑩小野凌来 ⑪小松島駿俊汰 ⑫上田海琴 ⑬上田千愛,17:30,18:20,
2025-12-18,木,朝送り,只津,溝口,車,707,なし,①溝口一花 ②笠原英二次 ③小野凌来 ④上田海琴 ⑤櫻井帆斗 ⑥上田大和 ⑦石神直都 ⑧上田千愛 ⑨櫻井麻智 ⑩富永日向 ⑪小松島咲花 ⑫小松島駿俊汰 ⑬林夏渚,7:45,8:45,
2025-12-19,金,夕迎え,只津,溝口,車,707,なし,①小松島駿俊汰 ②小松島咲花 ③香村慧 ④石神陽菜 ⑤上田大和 ⑥上田海琴 ⑦林大希 ⑧上田千愛 ⑨松岡蘭 ⑩香村快 ⑪林夏渚 ⑫石神直都 ⑬笠原英二次,17:40,18:30,
2025-12-19,金,朝送り,只津,溝口,車,707,なし,①石神陽菜 ②笠原英二次 ③上田千愛 ④小松島咲花 ⑤石神直都 ⑥松岡蘭 ⑦小松島駿俊汰 ⑧上田大和 ⑨林大希 ⑩香村快 ⑪林夏渚,7:40,8:40,
2025-12-20,土,夕迎え,只津,溝口,車,707,なし,①石神陽菜 ②向井永愛 ③松岡蘭 ④香村快 ⑤林夏渚 ⑥四宮鈴 ⑦香村慧 ⑧向井瑠華 ⑨櫻井斗麻 ⑩林大希 ⑪園田柚真 ⑫寺田菫,17:40,18:40,
2025-12-20,土,朝送り,只津,溝口,車,707,なし,①香村慧 ②香村快 ③向井永愛 ④向井瑠華 ⑤四宮鈴 ⑥石神陽菜 ⑦松岡蘭 ⑧林大希 ⑨櫻井斗麻 ⑩林夏渚 ⑪園田柚真 ⑫寺田菫,7:50,8:40,
2025-12-20,土,昼送り,只津,溝口,車,707,なし,①石神陽菜,12:40,13:20,
2025-12-21,日,夕迎え,只津,溝口,車,707,なし,①四宮鈴 ②向井永愛 ③小松島咲花 ④林大希 ⑤向井瑠華 ⑥上田大和 ⑦櫻井斗麻 ⑧松岡蘭 ⑨富永日向 ⑩園田柚真 ⑪園田葵 ⑫寺田菫,17:35,18:40,
2025-12-21,日,朝送り,只津,溝口,車,707,なし,①松岡蘭 ②上田大和 ③向井瑠華 ④四宮鈴 ⑤富永日向 ⑥向井永愛 ⑦小松島咲花 ⑧櫻井斗麻 ⑨林大希 ⑩園田葵 ⑪園田柚真 ⑫寺田菫,7:45,8:45,
2025-12-21,日,昼送り,只津,溝口,車,707,なし,①櫻井斗麻 ②林大希 ③松岡蘭 ④富永日向 ⑤向井瑠華 ⑥園田葵 ⑦寺田菫 ⑧園田柚真,12:40,13:20,
2025-12-22,月,夕迎え,只津,溝口,車,707,なし,①小野凌来 ②松岡蘭 ③溝口一花 ④小松島咲花 ⑤四宮鈴 ⑥林大希 ⑦上田大和 ⑧富永日向 ⑨園田葵 ⑩寺田菫,17:35,18:40,
2025-12-22,月,朝送り,只津,溝口,車,707,なし,①林大希 ②上田大和 ③富永日向 ④松岡蘭 ⑤四宮鈴 ⑥櫻井斗麻 ⑦櫻井麻智 ⑧櫻井帆斗 ⑨小松島咲花 ⑩溝口一花 ⑪寺田菫 ⑫園田葵,7:45,8:40,
2025-12-23,火,夕迎え,只津,溝口,車,707,なし,①溝口一花 ②小野凌来 ③林大希 ④櫻井帆斗 ⑤上田大和 ⑥松岡蘭 ⑦上田千愛 ⑧櫻井斗麻 ⑨櫻井麻智 ⑩上田海琴 ⑪園田葵 ⑫寺田菫,17:40,18:40,
2025-12-23,火,朝送り,只津,溝口,車,707,なし,①上田千愛 ②小野凌来 ③松岡蘭 ④溝口一花 ⑤櫻井帆斗 ⑥林大希 ⑦櫻井麻智 ⑧櫻井斗麻 ⑨寺田菫 ⑩園田葵,7:50,8:45,
2025-12-23,火,昼送り,只津,溝口,車,707,なし,①溝口一花,12:40,13:20,
2025-12-24,水,夕迎え,只津,溝口,車,707,なし,①林夏渚 ②上田千愛 ③松岡蘭 ④小野凌来 ⑤林大希 ⑥上田大和 ⑦上田海琴 ⑧溝口一花 ⑨園田葵,17:35,18:40,
2025-12-24,水,朝送り,只津,溝口,車,707,なし,①上田大和 ②松岡蘭 ③林夏渚 ④櫻井帆斗 ⑤溝口一花 ⑥小野凌来 ⑦林大希 ⑧上田海琴 ⑨櫻井麻智 ⑩園田葵,7:50,8:40,
2025-12-25,木,夕迎え,只津,溝口,車,707,なし,①櫻井麻智 ②上田大和 ③小松島咲花 ④櫻井帆斗 ⑤小松島駿俊汰 ⑥林夏渚 ⑦上田千愛 ⑧溝口一花 ⑨石神直都 ⑩小野凌来 ⑪富永日向 ⑫笠原英二次 ⑬上田海琴,17:35,18:20,
2025-12-25,木,朝送り,只津,溝口,車,707,なし,①上田海琴 ②上田大和 ③櫻井帆斗 ④小野凌来 ⑤笠原英二次 ⑥小松島駿俊汰 ⑦溝口一花 ⑧上田千愛 ⑨石神直都 ⑩林夏渚 ⑪富永日向,7:45,8:45,
2025-12-26,金,夕迎え,只津,溝口,車,707,なし,①小松島駿俊汰 ②香村快 ③上田千愛 ④小松島咲花 ⑤石神陽菜 ⑥上田海琴 ⑦上田大和 ⑧林夏渚 ⑨富永日向 ⑩石神直都 ⑪笠原英二次 ⑫林大希 ⑬松岡蘭 ⑭香村慧,17:35,18:40,
2025-12-26,金,朝送り,只津,溝口,車,707,なし,①林大希 ②上田大和 ③笠原英二次 ④石神直都 ⑤小松島駿俊汰 ⑥小松島咲花 ⑦富永日向 ⑧上田千愛 ⑨香村慧 ⑩林夏渚 ⑪上田海琴 ⑫松岡蘭 ⑬香村快 ⑭石神陽菜,7:40,8:45,
2025-12-27,土,夕迎え,只津,溝口,車,707,なし,①香村快 ②林大希 ③櫻井斗麻 ④小野凌来 ⑤石神陽菜 ⑥林夏渚 ⑦香村慧 ⑧四宮鈴 ⑨松岡蘭 ⑩園田柚真 ⑪寺田菫,17:35,18:40,
2025-12-27,土,朝送り,只津,溝口,車,707,なし,①小野凌来 ②香村慧 ③香村快 ④櫻井斗麻 ⑤林夏渚 ⑥四宮鈴 ⑦松岡蘭 ⑧石神陽菜 ⑨林大希 ⑩園田柚真 ⑪寺田菫,7:40,8:40,
2025-12-27,土,昼送り,只津,溝口,車,707,なし,①石神陽菜,12:40,13:20,
2025-12-28,日,夕迎え,只津,溝口,車,707,なし,①小野凌来 ②林夏渚 ③林大希 ④櫻井斗麻 ⑤四宮鈴 ⑥石神陽菜 ⑦園田葵 ⑧寺田菫 ⑨園田柚真,17:30,18:40,
2025-12-28,日,朝送り,只津,溝口,車,707,なし,①石神陽菜 ②櫻井斗麻 ③林夏渚 ④四宮鈴 ⑤林大希 ⑥小野凌来 ⑦園田柚真 ⑧寺田菫 ⑨園田葵,7:45,8:40,
2025-12-28,日,昼送り,只津,溝口,車,707,なし,①櫻井斗麻 ②林大希 ③石神陽菜 ④林夏渚 ⑤園田葵 ⑥寺田菫 ⑦園田柚真,12:40,13:20,
2025-12-29,月,夕迎え,只津,溝口,車,707,なし,①石神陽菜 ②四宮鈴 ③小野凌来 ④林大希 ⑤溝口一花 ⑥林夏渚 ⑦寺田菫 ⑧園田葵,17:40,18:40,
2025-12-29,月,朝送り,只津,溝口,車,707,なし,①溝口一花 ②石神陽菜 ③櫻井麻智 ④四宮鈴 ⑤櫻井帆斗 ⑥林夏渚 ⑦櫻井斗麻 ⑧小野凌来 ⑨林大希 ⑩園田葵 ⑪寺田菫,7:50,8:45,
2025-12-29,月,昼送り,只津,溝口,車,707,なし,①石神陽菜,12:40,13:20,
2025-12-30,火,夕迎え,只津,溝口,車,707,なし,①小野凌来 ②櫻井斗麻 ③櫻井麻智 ④上田千愛 ⑤上田海琴 ⑥溝口一花 ⑦林大希 ⑧上田大和 ⑨櫻井帆斗 ⑩寺田菫 ⑪園田葵,17:35,18:40,
2025-12-30,火,朝送り,只津,溝口,車,707,なし,①上田千愛 ②林大希 ③上田海琴 ④櫻井斗麻 ⑤小野凌来 ⑥上田大和 ⑦溝口一花 ⑧櫻井麻智 ⑨櫻井帆斗 ⑩園田葵 ⑪寺田菫,7:45,8:45,
2025-12-31,水,夕迎え,只津,溝口,車,707,なし,①松岡蘭 ②上田千愛 ③上田大和 ④上田海琴 ⑤林大希 ⑥溝口一花 ⑦園田葵,17:30,18:40,
2025-12-31,水,朝送り,只津,溝口,車,707,なし,①上田海琴 ②上田千愛 ③櫻井帆斗 ④溝口一花 ⑤櫻井麻智 ⑥上田大和 ⑦松岡蘭 ⑧林大希 ⑨園田葵,7:45,8:45,
2026-01-01,木,夕迎え,只津,溝口,車,707,なし,①上田大和 ②四宮鈴 ③富永日向 ④上田海琴 ⑤松岡蘭 ⑥上田千愛 ⑦小松島駿俊汰,17:30,18:40,
2026-01-01,木,朝送り,只津,溝口,車,707,なし,①四宮鈴 ②上田大和 ③上田海琴 ④松岡蘭 ⑤富永日向 ⑥小松島駿俊汰 ⑦上田千愛,7:40,8:40,
2026-01-01,木,昼送り,只津,溝口,車,707,なし,①小松島駿俊汰,12:40,13:20,
2026-01-02,金,夕迎え,只津,溝口,車,707,なし,①上田海琴 ②小松島駿俊汰 ③林夏渚 ④石神陽菜 ⑤松岡蘭 ⑥香村慧 ⑦富永日向 ⑧上田千愛 ⑨林大希 ⑩香村快 ⑪四宮鈴 ⑫上田大和 ⑬園田葵,17:40,18:40,
2026-01-02,金,朝送り,只津,溝口,車,707,なし,①小松島駿俊汰 ②石神陽菜 ③四宮鈴 ④香村慧 ⑤上田大和 ⑥林夏渚 ⑦林大希 ⑧松岡蘭 ⑨上田海琴 ⑩上田千愛 ⑪富永日向,7:40,8:45,
2026-01-02,金,昼送り,只津,溝口,車,707,なし,①小松島駿俊汰,12:40,13:20,
2026-01-03,土,夕迎え,只津,溝口,車,707,なし,①櫻井斗麻 ②香村慧 ③四宮鈴 ④石神陽菜 ⑤溝口一花 ⑥香村快 ⑦林大希 ⑧林夏渚 ⑨園田葵 ⑩園田柚真 ⑪寺田菫,17:35,18:40,
2026-01-03,土,朝送り,只津,溝口,車,707,なし,①香村慧 ②四宮鈴 ③櫻井斗麻 ④石神陽菜 ⑤香村快 ⑥林大希 ⑦溝口一花 ⑧林夏渚 ⑨園田葵 ⑩園田柚真 ⑪寺田菫,7:40,8:40,
2026-01-03,土,昼送り,只津,溝口,車,707,なし,①溝口一花,12:40,13:20,
2026-01-04,日,夕迎え,只津,溝口,車,707,なし,①小松島咲花 ②溝口一花 ③櫻井斗麻 ④上田海琴 ⑤林大希 ⑥上田千愛 ⑦小松島駿俊汰 ⑧四宮鈴 ⑨上田大和 ⑩富永日向 ⑪寺田菫 ⑫園田柚真,17:35,18:40,
2026-01-04,日,朝送り,只津,溝口,車,707,なし,①櫻井斗麻 ②林大希 ③上田海琴 ④上田大和 ⑤上田千愛 ⑥小松島駿俊汰 ⑦溝口一花 ⑧富永日向 ⑨四宮鈴 ⑩小松島咲花 ⑪寺田菫 ⑫園田柚真,7:45,8:45,
2026-01-04,日,昼送り,只津,溝口,車,707,なし,①林大希 ②櫻井斗麻 ③溝口一花 ④上田大和 ⑤上田千愛 ⑥四宮鈴 ⑦小松島駿俊汰 ⑧富永日向 ⑨小松島咲花 ⑩園田柚真 ⑪寺田菫,12:40,13:20,
2026-01-05,月,夕迎え,只津,溝口,車,707,なし,①富永日向 ②小松島駿俊汰 ③小野凌来 ④上田海琴 ⑤溝口一花 ⑥上田大和 ⑦上田千愛 ⑧小松島咲花 ⑨寺田菫,17:35,18:40,
2026-01-05,月,朝送り,只津,溝口,車,707,なし,①上田千愛 ②小松島駿俊汰 ③富永日向 ④櫻井斗麻 ⑤櫻井麻智 ⑥小野凌来 ⑦上田大和 ⑧小松島咲花 ⑨上田海琴 ⑩櫻井帆斗 ⑪溝口一花 ⑫寺田菫,7:50,8:45,
2026-01-05,月,昼送り,只津,溝口,車,707,なし,①小松島駿俊汰,12:40,13:20,
2026-01-06,火,夕迎え,只津,溝口,車,707,なし,①上田大和 ②櫻井斗麻 ③溝口一花 ④櫻井帆斗 ⑤上田千愛 ⑥櫻井麻智 ⑦小野凌来 ⑧上田海琴 ⑨四宮鈴 ⑩林大希 ⑪寺田菫 ⑫園田葵,17:40,18:40,
2026-01-06,火,朝送り,只津,溝口,車,707,なし,①櫻井麻智 ②上田千愛 ③林大希 ④上田海琴 ⑤櫻井斗麻 ⑥小野凌来 ⑦四宮鈴 ⑧溝口一花 ⑨上田大和 ⑩櫻井帆斗 ⑪寺田菫 ⑫園田葵,7:50,8:45,
2026-01-07,水,夕迎え,只津,溝口,車,707,なし,①溝口一花 ②林大希 ③小野凌来 ④上田大和 ⑤四宮鈴 ⑥上田海琴 ⑦上田千愛 ⑧林夏渚 ⑨園田葵,17:40,18:40,
2026-01-07,水,朝送り,只津,溝口,車,707,なし,①林大希 ②四宮鈴 ③林夏渚 ④上田大和 ⑤櫻井帆斗 ⑥上田千愛 ⑦溝口一花 ⑧上田海琴 ⑨櫻井麻智 ⑩小野凌来 ⑪園田葵,7:40,8:40,
2026-01-08,木,夕迎え,只津,溝口,車,707,なし,①四宮鈴 ②富永日向 ③小野凌来 ④上田大和 ⑤溝口一花 ⑥上田海琴 ⑦櫻井帆斗 ⑧上田千愛 ⑨林夏渚 ⑩小松島駿俊汰 ⑪櫻井麻智,17:40,18:20,
2026-01-08,木,朝送り,只津,溝口,車,707,なし,①上田千愛 ②四宮鈴 ③上田海琴 ④小野凌来 ⑤櫻井麻智 ⑥小松島駿俊汰 ⑦林夏渚 ⑧溝口一花 ⑨櫻井帆斗 ⑩上田大和,7:50,8:40,
2026-01-08,木,昼送り,只津,溝口,車,707,なし,①小松島駿俊汰,12:40,13:20,
2026-01-09,金,夕迎え,只津,溝口,車,707,なし,①上田千愛 ②林大希 ③香村快 ④上田海琴 ⑤上田大和 ⑥小松島駿俊汰 ⑦香村慧 ⑧四宮鈴 ⑨林夏渚 ⑩石神陽菜 ⑪富永日向 ⑫園田葵,17:35,18:40,
2026-01-09,金,朝送り,只津,溝口,車,707,なし,①四宮鈴 ②富永日向 ③小松島駿俊汰 ④林大希 ⑤林夏渚 ⑥上田大和 ⑦上田千愛 ⑧香村慧 ⑨園田葵,7:50,8:40,
2026-01-09,金,昼送り,只津,溝口,車,707,なし,①小松島駿俊汰,12:40,13:20,
2026-01-10,土,夕迎え,只津,溝口,車,707,なし,①香村慧 ②林夏渚 ③櫻井斗麻 ④向井瑠華 ⑤石神陽菜 ⑥香村快 ⑦向井永愛 ⑧林大希 ⑨寺田菫 ⑩園田柚真 ⑪園田葵,17:40,18:40,
2026-01-10,土,朝送り,只津,溝口,車,707,なし,①石神陽菜 ②向井永愛 ③香村快 ④香村慧 ⑤櫻井斗麻 ⑥林大希 ⑦向井瑠華 ⑧園田柚真 ⑨園田葵 ⑩寺田菫,7:40,8:45,
2026-01-10,土,昼送り,只津,溝口,車,707,なし,①石神陽菜,12:40,13:20,
2026-01-11,日,夕迎え,只津,溝口,車,707,なし,①櫻井斗麻 ②向井瑠華 ③小松島駿俊汰 ④上田海琴 ⑤林大希 ⑥富永日向 ⑦上田千愛 ⑧上田大和 ⑨向井永愛 ⑩小松島咲花 ⑪園田柚真 ⑫寺田菫,17:40,18:40,
2026-01-11,日,朝送り,只津,溝口,車,707,なし,①林大希 ②向井瑠華 ③小松島咲花 ④小松島駿俊汰 ⑤上田海琴 ⑥富永日向 ⑦向井永愛 ⑧櫻井斗麻 ⑨上田大和 ⑩上田千愛 ⑪寺田菫 ⑫園田柚真,7:50,8:45,
2026-01-11,日,昼送り,只津,溝口,車,707,なし,①小松島咲花 ②富永日向 ③上田千愛 ④林大希 ⑤向井瑠華 ⑥櫻井斗麻 ⑦上田大和 ⑧小松島駿俊汰 ⑨向井永愛 ⑩寺田菫 ⑪園田柚真,12:40,13:20,
2026-01-12,月,夕迎え,只津,溝口,車,707,なし,①上田大和 ②上田海琴 ③富永日向 ④小野凌来 ⑤溝口一花 ⑥小松島咲花 ⑦小松島駿俊汰 ⑧上田千愛 ⑨寺田菫,17:35,18:40,
2026-01-12,月,朝送り,只津,溝口,車,707,なし,①小松島咲花 ②上田海琴 ③小松島駿俊汰 ④櫻井麻智 ⑤櫻井斗麻 ⑥上田大和 ⑦上田千愛 ⑧小野凌来 ⑨富永日向 ⑩溝口一花 ⑪櫻井帆斗 ⑫寺田菫,7:45,8:45,
2026-01-12,月,昼送り,只津,溝口,車,707,なし,①小松島駿俊汰,12:40,13:20,
2026-01-13,火,夕迎え,只津,溝口,車,707,なし,①小野凌来 ②松岡蘭 ③上田千愛 ④櫻井帆斗 ⑤上田海琴 ⑥笠原英二次 ⑦上田大和 ⑧櫻井麻智 ⑨溝口一花 ⑩櫻井斗麻 ⑪園田葵 ⑫寺田菫,17:30,18:40,
2026-01-13,火,朝送り,只津,溝口,車,707,なし,①小野凌来 ②溝口一花 ③櫻井帆斗 ④上田大和 ⑤櫻井斗麻 ⑥松岡蘭 ⑦笠原英二次 ⑧上田海琴 ⑨櫻井麻智 ⑩上田千愛 ⑪寺田菫 ⑫園田葵,7:45,8:40,
2026-01-14,水,夕迎え,只津,溝口,車,707,なし,①林大希 ②林夏渚 ③上田大和 ④上田海琴 ⑤笠原英二次 ⑥溝口一花 ⑦松岡蘭 ⑧上田千愛 ⑨小野凌来 ⑩園田葵,17:40,18:40,
2026-01-14,水,朝送り,只津,溝口,車,707,なし,①櫻井麻智 ②上田千愛 ③櫻井帆斗 ④溝口一花 ⑤上田海琴 ⑥笠原英二次 ⑦上田大和 ⑧林大希 ⑨松岡蘭 ⑩小野凌来 ⑪林夏渚 ⑫園田葵,7:40,8:45,
2026-01-15,木,夕迎え,只津,溝口,車,707,なし,①小野凌来 ②松岡蘭 ③上田千愛 ④小松島駿俊汰 ⑤櫻井麻智 ⑥上田海琴 ⑦富永日向 ⑧四宮鈴 ⑨林夏渚 ⑩櫻井帆斗 ⑪上田大和 ⑫溝口一花 ⑬林大希,17:35,18:30,
2026-01-15,木,朝送り,只津,溝口,車,707,なし,①松岡蘭 ②上田大和 ③四宮鈴 ④櫻井麻智 ⑤溝口一花 ⑥櫻井帆斗 ⑦小野凌来 ⑧上田千愛 ⑨小松島駿俊汰 ⑩林大希 ⑪林夏渚 ⑫上田海琴,7:40,8:40,
2026-01-15,木,昼送り,只津,溝口,車,707,なし,①小松島駿俊汰,12:40,13:20,
2026-01-16,金,夕迎え,只津,溝口,車,707,なし,①上田千愛 ②四宮鈴 ③松岡蘭 ④小松島駿俊汰 ⑤石神陽菜 ⑥上田大和 ⑦林夏渚 ⑧香村快 ⑨富永日向 ⑩上田海琴 ⑪林大希 ⑫香村慧 ⑬園田葵,17:40,18:40,
2026-01-16,金,朝送り,只津,溝口,車,707,なし,①石神陽菜 ②香村慧 ③松岡蘭 ④林大希 ⑤上田海琴 ⑥四宮鈴 ⑦小松島駿俊汰 ⑧上田大和 ⑨上田千愛 ⑩富永日向 ⑪林夏渚 ⑫園田葵,7:40,8:45,
2026-01-16,金,昼送り,只津,溝口,車,707,なし,①小松島駿俊汰,12:40,13:20,
2026-01-17,土,夕迎え,只津,溝口,車,707,なし,①向井瑠華 ②向井永愛 ③香村慧 ④香村快 ⑤櫻井斗麻 ⑥林大希 ⑦石神陽菜 ⑧林夏渚 ⑨園田葵 ⑩寺田菫 ⑪園田柚真,17:40,18:40,
2026-01-17,土,朝送り,只津,溝口,車,707,なし,①香村快 ②石神陽菜 ③林大希 ④向井瑠華 ⑤香村慧 ⑥向井永愛 ⑦櫻井斗麻 ⑧林夏渚 ⑨寺田菫 ⑩園田葵 ⑪園田柚真,7:45,8:40,
2026-01-17,土,昼送り,只津,溝口,車,707,なし,①石神陽菜,12:40,13:20,
2026-01-18,日,夕迎え,只津,溝口,車,707,なし,①上田大和 ②小松島咲花 ③向井瑠華 ④小松島駿俊汰 ⑤上田海琴 ⑥上田千愛 ⑦櫻井斗麻 ⑧林大希 ⑨向井永愛 ⑩富永日向 ⑪寺田菫 ⑫園田柚真,17:30,18:40,
2026-01-18,日,朝送り,只津,溝口,車,707,なし,①富永日向 ②林大希 ③向井瑠華 ④向井永愛 ⑤櫻井斗麻 ⑥上田大和 ⑦上田千愛 ⑧小松島駿俊汰 ⑨上田海琴 ⑩園田柚真 ⑪寺田菫,7:40,8:40,
2026-01-18,日,昼送り,只津,溝口,車,707,なし,①小松島駿俊汰 ②上田海琴 ③富永日向 ④向井瑠華 ⑤上田大和 ⑥向井永愛 ⑦櫻井斗麻 ⑧上田千愛 ⑨小松島咲花 ⑩園田柚真 ⑪寺田菫,12:40,13:20,
2026-01-19,月,夕迎え,只津,溝口,車,707,なし,①小松島駿俊汰 ②上田海琴 ③小松島咲花 ④溝口一花 ⑤小野凌来 ⑥上田千愛 ⑦上田大和 ⑧富永日向 ⑨寺田菫,17:30,18:40,
2026-01-19,月,朝送り,只津,溝口,車,707,なし,①櫻井帆斗 ②上田大和 ③富永日向 ④上田千愛 ⑤上田海琴 ⑥溝口一花 ⑦櫻井麻智 ⑧小野凌来 ⑨櫻井斗麻 ⑩小松島駿俊汰 ⑪小松島咲花 ⑫寺田菫,7:40,8:45,
2026-01-19,月,昼送り,只津,溝口,車,707,なし,①小松島駿俊汰,12:40,13:20,
2026-01-20,火,夕迎え,只津,溝口,車,707,なし,①溝口一花 ②笠原英二次 ③松岡蘭 ④小野凌来 ⑤櫻井麻智 ⑥櫻井帆斗 ⑦上田海琴 ⑧櫻井斗麻 ⑨上田大和 ⑩上田千愛 ⑪園田葵 ⑫寺田菫,17:40,18:40,
2026-01-20,火,朝送り,只津,溝口,車,707,なし,①溝口一花 ②上田海琴 ③櫻井斗麻 ④上田大和 ⑤櫻井麻智 ⑥笠原英二次 ⑦櫻井帆斗 ⑧上田千愛 ⑨松岡蘭 ⑩小野凌来 ⑪寺田菫 ⑫園田葵,7:50,8:45,
2026-01-21,水,夕迎え,只津,溝口,車,707,なし,①上田千愛 ②溝口一花 ③小野凌来 ④林大希 ⑤松岡蘭 ⑥上田海琴 ⑦笠原英二次 ⑧上田大和 ⑨林夏渚 ⑩園田葵 ⑪櫻井麻智,17:35,18:40,
2026-01-21,水,朝送り,只津,溝口,車,707,なし,①上田千愛 ②溝口一花 ③櫻井帆斗 ④笠原英二次 ⑤林夏渚 ⑥小野凌来 ⑦上田大和 ⑧上田海琴 ⑨松岡蘭 ⑩林大希 ⑪園田葵 ⑫櫻井麻智,7:45,8:40,
2026-01-22,木,夕迎え,只津,溝口,車,707,なし,①櫻井麻智 ②上田千愛 ③上田海琴 ④林夏渚 ⑤上田大和 ⑥林大希 ⑦櫻井帆斗 ⑧松岡蘭 ⑨小松島咲花 ⑩小野凌来 ⑪四宮鈴 ⑫溝口一花 ⑬富永日向,17:40,18:20,
2026-01-22,木,朝送り,只津,溝口,車,707,なし,①四宮鈴 ②溝口一花 ③上田千愛 ④櫻井麻智 ⑤上田海琴 ⑥林夏渚 ⑦小野凌来 ⑧上田大和 ⑨小松島咲花 ⑩櫻井帆斗 ⑪林大希 ⑫富永日向,7:40,8:40,
2026-01-23,金,夕迎え,只津,溝口,車,707,なし,①上田千愛 ②松岡蘭 ③上田海琴 ④林大希 ⑤富永日向 ⑥小松島咲花 ⑦香村慧 ⑧香村快 ⑨上田大和 ⑩石神陽菜 ⑪林夏渚 ⑫四宮鈴 ⑬園田葵,17:35,18:40,
2026-01-23,金,朝送り,只津,溝口,車,707,なし,①林大希 ②富永日向 ③小松島咲花 ④上田大和 ⑤石神陽菜 ⑥林夏渚 ⑦香村快 ⑧上田千愛 ⑨上田海琴 ⑩四宮鈴 ⑪松岡蘭 ⑫園田葵,7:40,8:40,
2026-01-24,土,夕迎え,只津,溝口,車,707,なし,①向井永愛 ②櫻井斗麻 ③石神陽菜 ④林夏渚 ⑤香村快 ⑥香村慧 ⑦林大希 ⑧向井瑠華 ⑨園田柚真 ⑩園田葵 ⑪寺田菫,17:30,18:40,
2026-01-24,土,朝送り,只津,溝口,車,707,なし,①向井永愛 ②櫻井斗麻 ③香村快 ④石神陽菜 ⑤向井瑠華 ⑥林夏渚 ⑦林大希 ⑧香村慧 ⑨園田葵 ⑩園田柚真 ⑪寺田菫,7:45,8:45,
2026-01-24,土,昼送り,只津,溝口,車,707,なし,①石神陽菜,12:40,13:20,
2026-01-25,日,夕迎え,只津,溝口,車,707,なし,①櫻井斗麻 ②林大希 ③小松島駿俊汰 ④上田千愛 ⑤富永日向 ⑥小松島咲花 ⑦上田海琴 ⑧向井永愛 ⑨向井瑠華 ⑩上田大和 ⑪寺田菫 ⑫園田柚真,17:35,18:40,
2026-01-25,日,朝送り,只津,溝口,車,707,なし,①小松島駿俊汰 ②上田大和 ③向井瑠華 ④櫻井斗麻 ⑤小松島咲花 ⑥林大希 ⑦上田千愛 ⑧向井永愛 ⑨上田海琴 ⑩寺田菫,7:45,8:40,
2026-01-25,日,昼送り,只津,溝口,車,707,なし,①富永日向 ②上田大和 ③上田海琴 ④上田千愛 ⑤小松島咲花 ⑥櫻井斗麻 ⑦林大希 ⑧向井瑠華 ⑨園田柚真 ⑩寺田菫,12:40,13:20,
2026-01-26,月,夕迎え,只津,溝口,車,707,なし,①上田大和 ②溝口一花 ③小松島駿俊汰 ④小松島咲花 ⑤富永日向 ⑥小野凌来 ⑦上田海琴 ⑧上田千愛 ⑨寺田菫,17:35,18:40,
2026-01-26,月,朝送り,只津,溝口,車,707,なし,①小野凌来 ②上田大和 ③櫻井麻智 ④富永日向 ⑤櫻井斗麻 ⑥上田千愛 ⑦溝口一花 ⑧櫻井帆斗 ⑨小松島駿俊汰 ⑩小松島咲花 ⑪寺田菫,7:50,8:40,
2026-01-26,月,昼送り,只津,溝口,車,707,なし,①小松島駿俊汰,12:40,13:20,
2026-01-27,火,夕迎え,只津,溝口,車,707,なし,①櫻井麻智 ②上田大和 ③櫻井帆斗 ④溝口一花 ⑤松岡蘭 ⑥小野凌来 ⑦四宮鈴 ⑧上田千愛 ⑨上田海琴 ⑩櫻井斗麻 ⑪寺田菫 ⑫園田葵,17:35,18:40,
2026-01-27,火,朝送り,只津,溝口,車,707,なし,①櫻井麻智 ②松岡蘭 ③櫻井斗麻 ④櫻井帆斗 ⑤上田大和 ⑥溝口一花 ⑦四宮鈴 ⑧小野凌来 ⑨上田千愛 ⑩上田海琴 ⑪園田葵 ⑫寺田菫,7:45,8:45,
2026-01-28,水,夕迎え,只津,溝口,車,707,なし,①上田大和 ②溝口一花 ③上田海琴 ④松岡蘭 ⑤四宮鈴 ⑥上田千愛 ⑦林夏渚 ⑧小野凌来 ⑨園田葵,17:35,18:40,
2026-01-28,水,朝送り,只津,溝口,車,707,なし,①溝口一花 ②上田海琴 ③松岡蘭 ④小野凌来 ⑤櫻井麻智 ⑥櫻井帆斗 ⑦林夏渚 ⑧上田千愛 ⑨上田大和 ⑩四宮鈴 ⑪園田葵,7:40,8:40,
2026-01-29,木,夕迎え,只津,溝口,車,707,なし,①林夏渚 ②上田千愛 ③富永日向 ④櫻井帆斗 ⑤小野凌来 ⑥上田海琴 ⑦小松島咲花 ⑧溝口一花 ⑨四宮鈴 ⑩上田大和 ⑪櫻井麻智 ⑫松岡蘭,17:30,18:30,
2026-01-29,木,朝送り,只津,溝口,車,707,なし,①溝口一花 ②櫻井帆斗 ③林夏渚 ④松岡蘭 ⑤小松島咲花 ⑥小野凌来 ⑦上田海琴 ⑧上田千愛 ⑨上田大和,7:40,8:40,
2026-01-30,金,夕迎え,只津,溝口,車,707,なし,①小松島咲花 ②林大希 ③林夏渚 ④松岡蘭 ⑤四宮鈴 ⑥香村快 ⑦上田海琴 ⑧上田千愛 ⑨香村慧 ⑩石神陽菜 ⑪富永日向 ⑫上田大和 ⑬園田葵,17:30,18:40,
2026-01-30,金,朝送り,只津,溝口,車,707,なし,①上田海琴 ②富永日向 ③上田千愛 ④林大希 ⑤石神陽菜 ⑥四宮鈴 ⑦香村快 ⑧小松島咲花 ⑨香村慧 ⑩上田大和 ⑪林夏渚 ⑫松岡蘭,7:50,8:45,
2026-01-31,土,夕迎え,只津,溝口,車,707,なし,①香村快 ②向井永愛 ③向井瑠華 ④林夏渚 ⑤櫻井斗麻 ⑥石神陽菜 ⑦林大希 ⑧香村慧 ⑨寺田菫 ⑩園田葵 ⑪園田柚真,17:35,18:40,
2026-01-31,土,朝送り,只津,溝口,車,707,なし,①林夏渚 ②向井永愛 ③香村慧 ④香村快 ⑤石神陽菜 ⑥林大希 ⑦向井瑠華 ⑧園田柚真 ⑨寺田菫 ⑩園田葵,7:40,8:45,
2026-01-31,土,昼送り,只津,溝口,車,707,なし,①石神陽菜,12:40,13:20,
2026-02-01,日,夕迎え,只津,溝口,車,707,なし,①向井永愛 ②向井瑠華 ③小野凌来 ④林大希 ⑤上田海琴 ⑥四宮鈴 ⑦上田千愛 ⑧上田大和 ⑨園田葵 ⑩園田柚真 ⑪寺田菫,17:40,18:40,
2026-02-01,日,朝送り,只津,溝口,車,707,なし,①林大希 ②上田海琴 ③四宮鈴 ④小野凌来 ⑤上田千愛 ⑥向井永愛 ⑦向井瑠華 ⑧上田大和 ⑨園田葵 ⑩寺田菫 ⑪園田柚真,7:50,8:40,
2026-02-01,日,昼送り,只津,溝口,車,707,なし,①向井瑠華 ②向井永愛 ③上田千愛 ④四宮鈴 ⑤林大希 ⑥園田柚真 ⑦園田葵 ⑧寺田菫,12:40,13:20,
2026-02-02,月,夕迎え,只津,溝口,車,707,なし,①富永日向 ②四宮鈴 ③藤崎柊威 ④松岡蘭 ⑤小野凌来 ⑥上田大和 ⑦溝口一花 ⑧小松島咲花 ⑨小松島駿俊汰 ⑩上田海琴 ⑪上田千愛 ⑫園田葵 ⑬寺田菫,17:30,18:40,
2026-02-02,月,朝送り,只津,溝口,車,707,なし,①上田海琴 ②小松島駿俊汰 ③上田大和 ④小野凌来 ⑤松岡蘭 ⑥四宮鈴 ⑦溝口一花 ⑧上田千愛 ⑨富永日向 ⑩藤崎柊威 ⑪小松島咲花 ⑫園田葵 ⑬寺田菫,7:50,8:45,
2026-02-03,火,夕迎え,只津,溝口,車,707,なし,①小松島咲花 ②小野凌来 ③富永日向 ④辻村優樹 ⑤松岡蘭 ⑥上田海琴 ⑦小松島駿俊汰 ⑧藤崎柊威 ⑨上田千愛 ⑩上田大和 ⑪四宮鈴 ⑫溝口一花 ⑬園田葵 ⑭寺田菫,17:35,18:40,
2026-02-03,火,朝送り,只津,溝口,車,707,なし,①松岡蘭 ②四宮鈴 ③小松島咲花 ④上田千愛 ⑤小野凌来 ⑥上田大和 ⑦溝口一花 ⑧藤崎柊威 ⑨上田海琴 ⑩小松島駿俊汰 ⑪辻村優樹 ⑫寺田菫 ⑬園田葵,7:40,8:45,
2026-02-04,水,夕迎え,只津,溝口,車,707,なし,①辻村優樹 ②林夏渚 ③溝口一花 ④上田大和 ⑤上田千愛 ⑥上田海琴 ⑦小野凌来 ⑧四宮鈴 ⑨林大希 ⑩富永日向 ⑪松岡蘭 ⑫園田葵,17:35,18:40,
2026-02-04,水,朝送り,只津,溝口,車,707,なし,①上田千愛 ②松岡蘭 ③上田海琴 ④辻村優樹 ⑤林大希 ⑥林夏渚 ⑦溝口一花 ⑧小野凌来 ⑨四宮鈴 ⑩上田大和 ⑪富永日向 ⑫園田葵,7:40,8:45,
2026-02-05,木,夕迎え,只津,溝口,車,707,なし,①溝口一花 ②上田千愛 ③上田大和 ④富永日向 ⑤林大希 ⑥小野凌来 ⑦四宮鈴 ⑧向井瑠華 ⑨林夏渚 ⑩松岡蘭 ⑪向井永愛 ⑫上田海琴,17:30,18:40,
2026-02-05,木,朝送り,只津,溝口,車,707,なし,①向井瑠華 ②溝口一花 ③富永日向 ④林夏渚 ⑤向井永愛 ⑥松岡蘭 ⑦四宮鈴 ⑧上田海琴 ⑨林大希 ⑩上田千愛 ⑪上田大和 ⑫小野凌来,7:50,8:45,
2026-02-06,金,夕迎え,只津,溝口,車,707,なし,①向井永愛 ②林夏渚 ③溝口一花 ④松岡蘭 ⑤上田海琴 ⑥香村快 ⑦四宮鈴 ⑧上田大和 ⑨上田千愛 ⑩香村慧 ⑪向井瑠華 ⑫林大希,17:35,18:20,
2026-02-06,金,朝送り,只津,溝口,車,707,なし,①松岡蘭 ②向井永愛 ③四宮鈴 ④上田大和 ⑤香村慧 ⑥香村快 ⑦溝口一花 ⑧上田海琴 ⑨林大希 ⑩向井瑠華 ⑪上田千愛 ⑫林夏渚,7:40,8:40,
2026-02-06,金,昼送り,只津,溝口,車,707,なし,①林夏渚,12:40,13:20,
2026-02-07,土,夕迎え,只津,溝口,車,707,なし,①向井瑠華 ②松岡蘭 ③香村慧 ④林夏渚 ⑤富永日向 ⑥溝口一花 ⑦向井永愛 ⑧香村快 ⑨林大希 ⑩寺田菫 ⑪園田柚真,17:40,18:40,
2026-02-07,土,朝送り,只津,溝口,車,707,なし,①香村慧 ②林大希 ③松岡蘭 ④香村快 ⑤林夏渚 ⑥溝口一花 ⑦向井瑠華 ⑧富永日向 ⑨園田柚真,7:40,8:45,
2026-02-08,日,夕迎え,只津,溝口,車,707,なし,①上田大和 ②富永日向 ③上田千愛 ④向井永愛 ⑤四宮鈴 ⑥向井瑠華 ⑦小野凌来 ⑧上田海琴 ⑨林大希 ⑩園田柚真 ⑪園田葵 ⑫寺田菫,17:35,18:40,
2026-02-08,日,朝送り,只津,溝口,車,707,なし,①上田大和 ②上田海琴 ③林大希 ④上田千愛 ⑤小野凌来 ⑥四宮鈴 ⑦向井瑠華 ⑧富永日向 ⑨寺田菫 ⑩園田葵 ⑪園田柚真,7:40,8:40,
2026-02-08,日,昼送り,只津,溝口,車,707,なし,①林大希 ②上田海琴 ③向井瑠華 ④上田大和 ⑤四宮鈴 ⑥富永日向 ⑦上田千愛 ⑧向井永愛 ⑨寺田菫 ⑩園田柚真 ⑪園田葵,12:40,13:20,
2026-02-09,月,夕迎え,只津,溝口,車,707,なし,①上田海琴 ②小松島咲花 ③上田千愛 ④溝口一花 ⑤小松島駿俊汰 ⑥藤崎柊威 ⑦上田大和 ⑧小野凌来 ⑨富永日向 ⑩四宮鈴 ⑪松岡蘭 ⑫園田葵 ⑬寺田菫,17:30,18:40,
2026-02-09,月,朝送り,只津,溝口,車,707,なし,①溝口一花 ②富永日向 ③上田海琴 ④上田千愛 ⑤小野凌来 ⑥松岡蘭 ⑦四宮鈴 ⑧小松島咲花 ⑨小松島駿俊汰 ⑩藤崎柊威 ⑪上田大和 ⑫寺田菫 ⑬園田葵,7:45,8:45,
2026-02-10,火,夕迎え,只津,溝口,車,707,なし,①小松島咲花 ②上田千愛 ③富永日向 ④上田海琴 ⑤小松島駿俊汰 ⑥松岡蘭 ⑦辻村優樹 ⑧小野凌来 ⑨溝口一花 ⑩藤崎柊威 ⑪四宮鈴 ⑫上田大和 ⑬寺田菫 ⑭園田葵,17:35,18:40,
2026-02-10,火,朝送り,只津,溝口,車,707,なし,①小松島駿俊汰 ②上田海琴 ③富永日向 ④四宮鈴 ⑤小松島咲花 ⑥溝口一花 ⑦小野凌来 ⑧藤崎柊威 ⑨上田千愛 ⑩上田大和 ⑪松岡蘭 ⑫寺田菫 ⑬園田葵,7:45,8:40,
2026-02-11,水,夕迎え,只津,溝口,車,707,なし,①林大希 ②上田大和 ③富永日向 ④小野凌来 ⑤林夏渚 ⑥四宮鈴 ⑦辻村優樹 ⑧溝口一花 ⑨上田千愛 ⑩松岡蘭 ⑪上田海琴 ⑫園田葵,17:30,18:40,
2026-02-11,水,朝送り,只津,溝口,車,707,なし,①林大希 ②上田大和 ③上田海琴 ④林夏渚 ⑤松岡蘭 ⑥小野凌来 ⑦溝口一花 ⑧上田千愛 ⑨辻村優樹 ⑩富永日向 ⑪四宮鈴 ⑫園田葵,7:40,8:40,
2026-02-12,木,夕迎え,只津,溝口,車,707,なし,①小松島駿俊汰 ②四宮鈴 ③石神陽菜 ④小松島咲花 ⑤上田大和 ⑥溝口一花 ⑦富永日向 ⑧上田千愛 ⑨上田海琴 ⑩林大希 ⑪松岡蘭 ⑫小野凌来 ⑬林夏渚 ⑭寺田菫,17:40,18:40,
2026-02-12,木,朝送り,只津,溝口,車,707,なし,①溝口一花 ②小松島駿俊汰 ③林大希 ④四宮鈴 ⑤林夏渚 ⑥松岡蘭 ⑦小松島咲花 ⑧上田千愛 ⑨石神陽菜 ⑩上田大和 ⑪小野凌来 ⑫富永日向 ⑬寺田菫,7:50,8:45,
2026-02-13,金,夕迎え,只津,溝口,車,707,なし,①上田大和 ②林大希 ③石神陽菜 ④香村慧 ⑤小松島駿俊汰 ⑥上田千愛 ⑦溝口一花 ⑧林夏渚 ⑨香村快 ⑩上田海琴 ⑪松岡蘭 ⑫小松島咲花 ⑬四宮鈴 ⑭寺田菫,17:30,18:40,
2026-02-13,金,朝送り,只津,溝口,車,707,なし,①石神陽菜 ②小松島駿俊汰 ③溝口一花 ④松岡蘭 ⑤上田大和 ⑥上田千愛 ⑦林夏渚 ⑧上田海琴 ⑨小松島咲花 ⑩香村慧 ⑪四宮鈴 ⑫林大希 ⑬寺田菫,7:45,8:45,
2026-02-13,金,昼送り,只津,溝口,車,707,なし,①林夏渚,12:40,13:20,
2026-02-14,土,夕迎え,只津,溝口,車,707,なし,①溝口一花 ②向井瑠華 ③松岡蘭 ④香村快 ⑤富永日向 ⑥林夏渚 ⑦林大希 ⑧向井永愛 ⑨香村慧 ⑩寺田菫 ⑪園田柚真,17:30,18:40,
2026-02-14,土,朝送り,只津,溝口,車,707,なし,①向井永愛 ②松岡蘭 ③林大希 ④向井瑠華 ⑤林夏渚 ⑥溝口一花 ⑦香村快 ⑧富永日向 ⑨寺田菫 ⑩園田柚真,7:50,8:45,
2026-02-15,日,夕迎え,只津,溝口,車,707,なし,①富永日向 ②向井瑠華 ③上田大和 ④向井永愛 ⑤四宮鈴 ⑥上田千愛 ⑦上田海琴 ⑧小野凌来 ⑨林大希 ⑩寺田菫 ⑪園田葵 ⑫園田柚真,17:30,18:40,
2026-02-15,日,朝送り,只津,溝口,車,707,なし,①小野凌来 ②上田千愛 ③上田海琴 ④林大希 ⑤向井永愛 ⑥富永日向 ⑦上田大和 ⑧向井瑠華 ⑨園田葵 ⑩寺田菫 ⑪園田柚真,7:50,8:40,
2026-02-15,日,昼送り,只津,溝口,車,707,なし,①四宮鈴 ②林大希 ③向井永愛 ④上田大和 ⑤向井瑠華 ⑥上田海琴 ⑦富永日向 ⑧上田千愛 ⑨寺田菫 ⑩園田葵 ⑪園田柚真,12:40,13:20,
2026-02-16,月,夕迎え,只津,溝口,車,707,なし,①富永日向 ②小松島駿俊汰 ③小野凌来 ④上田海琴 ⑤溝口一花 ⑥上田大和 ⑦松岡蘭 ⑧四宮鈴 ⑨藤崎柊威 ⑩上田千愛 ⑪小松島咲花 ⑫寺田菫 ⑬園田葵,17:30,18:40,
2026-02-16,月,朝送り,只津,溝口,車,707,なし,①松岡蘭 ②小野凌来 ③富永日向 ④四宮鈴 ⑤溝口一花 ⑥小松島咲花 ⑦上田大和 ⑧上田千愛 ⑨小松島駿俊汰 ⑩藤崎柊威 ⑪上田海琴 ⑫園田葵 ⑬寺田菫,7:40,8:40,
2026-02-17,火,夕迎え,只津,溝口,車,707,なし,①上田大和 ②小松島咲花 ③藤崎柊威 ④富永日向 ⑤上田海琴 ⑥溝口一花 ⑦辻村優樹 ⑧松岡蘭 ⑨四宮鈴 ⑩小野凌来 ⑪上田千愛 ⑫小松島駿俊汰 ⑬寺田菫 ⑭園田葵,17:40,18:40,
2026-02-17,火,朝送り,只津,溝口,車,707,なし,①上田千愛 ②小野凌来 ③松岡蘭 ④辻村優樹 ⑤溝口一花 ⑥上田海琴 ⑦藤崎柊威 ⑧上田大和 ⑨富永日向 ⑩小松島咲花 ⑪小松島駿俊汰 ⑫四宮鈴 ⑬寺田菫 ⑭園田葵,7:40,8:45,
2026-02-18,水,夕迎え,只津,溝口,車,707,なし,①松岡蘭 ②上田大和 ③小野凌来 ④辻村優樹 ⑤四宮鈴 ⑥林大希 ⑦林夏渚 ⑧上田千愛 ⑨富永日向 ⑩溝口一花 ⑪上田海琴 ⑫園田葵,17:35,18:40,
2026-02-18,水,朝送り,只津,溝口,車,707,なし,①四宮鈴 ②小野凌来 ③林夏渚 ④上田千愛 ⑤上田海琴 ⑥辻村優樹 ⑦富永日向 ⑧松岡蘭 ⑨上田大和 ⑩林大希 ⑪溝口一花 ⑫園田葵,7:40,8:40,
2026-02-18,水,昼送り,只津,溝口,車,707,なし,①溝口一花,12:40,13:20,
2026-02-19,木,夕迎え,只津,溝口,車,707,なし,①上田千愛 ②小野凌来 ③四宮鈴 ④石神陽菜 ⑤富永日向 ⑥上田海琴 ⑦松岡蘭 ⑧溝口一花 ⑨林夏渚 ⑩辻村優樹 ⑪林大希 ⑫上田大和 ⑬小松島駿俊汰 ⑭小松島咲花,17:35,18:30,
2026-02-19,木,朝送り,只津,溝口,車,707,なし,①林夏渚 ②上田千愛 ③石神陽菜 ④林大希 ⑤上田大和 ⑥小野凌来 ⑦小松島咲花 ⑧辻村優樹 ⑨小松島駿俊汰 ⑩四宮鈴 ⑪上田海琴 ⑫松岡蘭 ⑬富永日向 ⑭溝口一花,7:45,8:45,
2026-02-20,金,夕迎え,只津,溝口,車,707,なし,①小松島咲花 ②上田千愛 ③上田海琴 ④香村快 ⑤上田大和 ⑥笠原英二次 ⑦香村慧 ⑧林大希 ⑨林夏渚 ⑩小松島駿俊汰 ⑪辻村優樹 ⑫石神陽菜 ⑬松岡蘭 ⑭四宮鈴,17:40,18:20,
2026-02-20,金,朝送り,只津,溝口,車,707,なし,①四宮鈴 ②香村慧 ③上田千愛 ④香村快 ⑤上田海琴 ⑥林夏渚 ⑦松岡蘭 ⑧上田大和 ⑨小松島駿俊汰 ⑩石神陽菜 ⑪辻村優樹 ⑫林大希 ⑬小松島咲花,7:40,8:40,
2026-02-20,金,昼送り,只津,溝口,車,707,なし,①林夏渚,12:40,13:20,
2026-02-21,土,夕迎え,只津,溝口,車,707,なし,①向井瑠華 ②林大希 ③富永日向 ④笠原英二次 ⑤香村慧 ⑥向井永愛 ⑦林夏渚 ⑧香村快 ⑨松岡蘭 ⑩園田柚真 ⑪寺田菫,17:35,18:40,
2026-02-21,土,朝送り,只津,溝口,車,707,なし,①富永日向 ②香村快 ③香村慧 ④林夏渚 ⑤向井永愛 ⑥林大希 ⑦向井瑠華 ⑧松岡蘭 ⑨笠原英二次 ⑩寺田菫 ⑪園田柚真,7:50,8:45,
2026-02-22,日,夕迎え,只津,溝口,車,707,なし,①富永日向 ②林大希 ③香村快 ④小野凌来 ⑤香村慧 ⑥向井瑠華 ⑦松岡蘭 ⑧向井永愛 ⑨園田柚真 ⑩園田葵 ⑪寺田菫,17:35,18:40,
2026-02-22,日,朝送り,只津,溝口,車,707,なし,①向井永愛 ②富永日向 ③小野凌来 ④松岡蘭 ⑤香村慧 ⑥香村快 ⑦林大希 ⑧寺田菫 ⑨園田葵 ⑩園田柚真,7:45,8:45,
2026-02-22,日,昼送り,只津,溝口,車,707,なし,①香村快 ②向井永愛 ③林大希 ④松岡蘭 ⑤富永日向 ⑥向井瑠華 ⑦香村慧 ⑧園田柚真 ⑨寺田菫 ⑩園田葵,12:40,13:20,
2026-02-23,月,夕迎え,只津,溝口,車,707,なし,①香村慧 ②小松島駿俊汰 ③溝口一花 ④上田千愛 ⑤松岡蘭 ⑥小野凌来 ⑦上田海琴 ⑧香村快 ⑨富永日向 ⑩小松島咲花 ⑪上田大和 ⑫寺田菫 ⑬園田葵,17:35,18:40,
2026-02-23,月,朝送り,只津,溝口,車,707,なし,①小松島駿俊汰 ②上田千愛 ③溝口一花 ④小野凌来 ⑤香村慧 ⑥松岡蘭 ⑦香村快 ⑧上田大和 ⑨富永日向 ⑩上田海琴 ⑪寺田菫 ⑫園田葵,7:45,8:45,
2026-02-24,火,夕迎え,只津,溝口,車,707,なし,①小松島駿俊汰 ②松岡蘭 ③上田大和 ④小松島咲花 ⑤上田海琴 ⑥溝口一花 ⑦四宮鈴 ⑧小野凌来 ⑨上田千愛 ⑩寺田菫 ⑪園田葵,17:35,18:40,
2026-02-24,火,朝送り,只津,溝口,車,707,なし,①松岡蘭 ②溝口一花 ③上田千愛 ④小野凌来 ⑤四宮鈴 ⑥上田海琴 ⑦上田大和 ⑧園田葵 ⑨寺田菫,7:50,8:45,
2026-02-25,水,夕迎え,只津,溝口,車,707,なし,①林大希 ②松岡蘭 ③小野凌来 ④上田千愛 ⑤上田大和 ⑥四宮鈴 ⑦林夏渚 ⑧上田海琴 ⑨園田葵,17:30,18:40,
2026-02-25,水,朝送り,只津,溝口,車,707,なし,①松岡蘭 ②上田海琴 ③小野凌来 ④上田千愛 ⑤林大希 ⑥四宮鈴 ⑦上田大和 ⑧林夏渚 ⑨園田葵,7:45,8:40,
2026-02-26,木,夕迎え,只津,溝口,車,707,なし,①上田大和 ②香村慧 ③上田海琴 ④辻村優樹 ⑤四宮鈴 ⑥上田千愛 ⑦林夏渚 ⑧林大希 ⑨溝口一花 ⑩小松島咲花 ⑪小野凌来 ⑫香村快 ⑬小松島駿俊汰 ⑭松岡蘭,17:35,18:20,
2026-02-26,木,朝送り,只津,溝口,車,707,なし,①松岡蘭 ②上田海琴 ③小松島駿俊汰 ④香村快 ⑤小松島咲花 ⑥林大希 ⑦小野凌来 ⑧林夏渚 ⑨四宮鈴 ⑩辻村優樹 ⑪上田千愛 ⑫香村慧 ⑬上田大和 ⑭溝口一花,7:45,8:40,
2026-02-27,金,夕迎え,只津,溝口,車,707,なし,①香村慧 ②香村快 ③笠原英二次 ④上田千愛 ⑤林大希 ⑥辻村優樹 ⑦松岡蘭 ⑧上田大和 ⑨上田海琴 ⑩小松島駿俊汰 ⑪小松島咲花 ⑫林夏渚 ⑬四宮鈴 ⑭溝口一花,17:35,18:40,
2026-02-27,金,朝送り,只津,溝口,車,707,なし,①林夏渚 ②林大希 ③辻村優樹 ④上田千愛 ⑤小松島咲花 ⑥上田海琴 ⑦小松島駿俊汰 ⑧溝口一花 ⑨香村慧 ⑩上田大和 ⑪四宮鈴 ⑫香村快 ⑬松岡蘭 ⑭笠原英二次,7:45,8:45,
2026-02-27,金,昼送り,只津,溝口,車,707,なし,①林夏渚,12:40,13:20,
2026-02-28,土,夕迎え,只津,溝口,車,707,なし,①向井永愛 ②林夏渚 ③林大希 ④上田千愛 ⑤上田海琴 ⑥笠原英二次 ⑦向井瑠華 ⑧上田大和 ⑨富永日向 ⑩寺田菫 ⑪園田柚真,17:35,18:40,
2026-02-28,土,朝送り,只津,溝口,車,707,なし,①上田千愛 ②向井瑠華 ③上田海琴 ④林夏渚 ⑤向井永愛 ⑥上田大和 ⑦笠原英二次 ⑧林大希 ⑨富永日向 ⑩園田柚真,7:50,8:45,
2026-03-01,日,夕迎え,只津,溝口,車,707,なし,①富永日向 ②藤崎柊威 ③藤川結梨 ④松岡蘭 ⑤辻村優樹 ⑥四宮鈴 ⑦石原晴海 ⑧向井永愛 ⑨向井瑠華,17:40,18:40,
2026-03-01,日,朝送り,只津,溝口,車,707,なし,①藤川結梨 ②四宮鈴 ③石原晴海 ④藤崎柊威 ⑤向井永愛 ⑥富永日向 ⑦松岡蘭 ⑧向井瑠華 ⑨辻村優樹,7:40,8:40,
2026-03-01,日,昼送り,只津,溝口,車,707,なし,①向井永愛 ②富永日向 ③四宮鈴 ④向井瑠華 ⑤松岡蘭,12:40,13:20,
2026-03-02,月,夕迎え,只津,溝口,車,707,なし,①藤崎柊威 ②富永日向 ③藤川結梨 ④四宮鈴 ⑤小野凌来 ⑥石原晴海 ⑦辻村優樹 ⑧松岡蘭 ⑨寺田菫,17:35,18:40,
2026-03-02,月,朝送り,只津,溝口,車,707,なし,①辻村優樹 ②藤崎柊威 ③松岡蘭 ④四宮鈴 ⑤小野凌来 ⑥藤川結梨 ⑦富永日向 ⑧石原晴海 ⑨寺田菫,7:40,8:45,
2026-03-03,火,夕迎え,只津,溝口,車,707,なし,①富永日向 ②藤崎柊威 ③藤川結梨 ④松岡蘭 ⑤四宮鈴 ⑥小野凌来 ⑦溝口一花 ⑧石原晴海 ⑨園田葵 ⑩寺田菫,17:30,18:40,
2026-03-03,火,朝送り,只津,溝口,車,707,なし,①富永日向 ②四宮鈴 ③松岡蘭 ④小野凌来 ⑤藤川結梨 ⑥石原晴海 ⑦藤崎柊威 ⑧溝口一花 ⑨寺田菫 ⑩園田葵,7:40,8:40,
2026-03-04,水,夕迎え,只津,溝口,車,707,なし,①香村慧 ②小野凌来 ③笠原英二次 ④松岡蘭 ⑤四宮鈴 ⑥香村快 ⑦辻村優樹 ⑧富永日向 ⑨溝口一花 ⑩園田葵 ⑪寺田菫,17:30,18:40,
2026-03-04,水,朝送り,只津,溝口,車,707,なし,①辻村優樹 ②松岡蘭 ③溝口一花 ④四宮鈴 ⑤小野凌来 ⑥香村快 ⑦富永日向 ⑧香村慧 ⑨笠原英二次 ⑩寺田菫 ⑪園田葵,7:40,8:45,
2026-03-05,木,夕迎え,只津,溝口,車,707,なし,①四宮鈴 ②松岡蘭 ③小野凌来 ④富永日向 ⑤香村快 ⑥香村慧 ⑦笠原英二次 ⑧溝口一花 ⑨辻村優樹 ⑩寺田菫 ⑪園田葵,17:30,18:40,
2026-03-05,木,朝送り,只津,溝口,車,707,なし,①溝口一花 ②辻村優樹 ③香村快 ④富永日向 ⑤香村慧 ⑥小野凌来 ⑦松岡蘭 ⑧笠原英二次 ⑨四宮鈴 ⑩寺田菫 ⑪園田葵,7:50,8:45,
2026-03-06,金,夕迎え,只津,溝口,車,707,なし,①深津 ②香村慧 ③四宮鈴 ④小野凌来 ⑤富永日向 ⑥松岡蘭 ⑦溝口一花 ⑧香村快 ⑨園田葵 ⑩寺田菫,17:40,18:40,
2026-03-06,金,朝送り,只津,溝口,車,707,なし,①香村慧 ②溝口一花 ③四宮鈴 ④富永日向 ⑤小野凌来 ⑥松岡蘭 ⑦深津 ⑧香村快 ⑨寺田菫 ⑩園田葵,7:40,8:40,
2026-03-07,土,夕迎え,只津,溝口,車,707,なし,①溝口一花 ②香村快 ③向井瑠華 ④向井永愛 ⑤深津 ⑥石原晴海 ⑦西原早彩 ⑧香村慧 ⑨小野凌来 ⑩園田柚真 ⑪園田葵 ⑫寺田菫,17:40,18:40,
2026-03-07,土,朝送り,只津,溝口,車,707,なし,①香村慧 ②向井瑠華 ③深津 ④小野凌来 ⑤香村快 ⑥西原早彩 ⑦石原晴海 ⑧向井永愛 ⑨溝口一花 ⑩寺田菫 ⑪園田葵 ⑫園田柚真,7:45,8:40,
2026-03-07,土,昼送り,只津,溝口,車,707,なし,①西原早彩 ②小野凌来 ③深津 ④向井瑠華 ⑤溝口一花 ⑥園田葵 ⑦園田柚真,12:40,13:20,
2026-03-08,日,夕迎え,只津,溝口,車,707,なし,①松岡蘭 ②富永日向 ③向井永愛 ④藤川結梨 ⑤四宮鈴 ⑥溝口一花 ⑦石原晴海 ⑧向井瑠華 ⑨西原早彩 ⑩園田葵 ⑪園田柚真,17:40,18:40,
2026-03-08,日,朝送り,只津,溝口,車,707,なし,①溝口一花 ②向井瑠華 ③石原晴海 ④藤川結梨 ⑤富永日向 ⑥四宮鈴 ⑦松岡蘭 ⑧向井永愛 ⑨西原早彩 ⑩園田柚真 ⑪園田葵,7:40,8:40,
2026-03-08,日,昼送り,只津,溝口,車,707,なし,①松岡蘭 ②藤川結梨 ③向井瑠華 ④園田葵 ⑤園田柚真,12:40,13:20,
2026-03-09,月,夕迎え,只津,溝口,車,707,なし,①小野凌来 ②松岡蘭 ③藤崎柊威 ④富永日向 ⑤溝口一花 ⑥四宮鈴 ⑦藤川結梨 ⑧西原早彩 ⑨寺田菫,17:40,18:40,
2026-03-09,月,朝送り,只津,溝口,車,707,なし,①富永日向 ②藤川結梨 ③四宮鈴 ④松岡蘭 ⑤藤崎柊威 ⑥溝口一花 ⑦西原早彩 ⑧小野凌来 ⑨寺田菫,7:50,8:45,
2026-03-10,火,夕迎え,只津,溝口,車,707,なし,①四宮鈴 ②富永日向 ③溝口一花 ④西原早彩 ⑤小野凌来 ⑥藤崎柊威 ⑦松岡蘭 ⑧寺田菫 ⑨園田葵,17:30,18:40,
2026-03-10,火,朝送り,只津,溝口,車,707,なし,①西原早彩 ②松岡蘭 ③溝口一花 ④藤崎柊威 ⑤小野凌来 ⑥四宮鈴 ⑦富永日向 ⑧寺田菫 ⑨園田葵,7:40,8:40,
2026-03-11,水,夕迎え,只津,溝口,車,707,なし,①香村快 ②松岡蘭 ③溝口一花 ④小野凌来 ⑤辻村優樹 ⑥香村慧 ⑦富永日向 ⑧四宮鈴 ⑨園田葵 ⑩寺田菫,17:40,18:40,
2026-03-11,水,朝送り,只津,溝口,車,707,なし,①小野凌来 ②辻村優樹 ③四宮鈴 ④松岡蘭 ⑤香村快 ⑥溝口一花 ⑦富永日向 ⑧香村慧 ⑨園田葵 ⑩寺田菫,7:40,8:40,
2026-03-12,木,夕迎え,只津,溝口,車,707,なし,①香村慧 ②四宮鈴 ③香村快 ④溝口一花 ⑤石原晴海 ⑥松岡蘭 ⑦小野凌来 ⑧辻村優樹 ⑨富永日向 ⑩寺田菫 ⑪園田柚真,17:30,18:40,
2026-03-12,木,朝送り,只津,溝口,車,707,なし,①小野凌来 ②松岡蘭 ③香村快 ④溝口一花 ⑤富永日向 ⑥四宮鈴 ⑦香村慧 ⑧石原晴海 ⑨辻村優樹 ⑩寺田菫 ⑪園田柚真,7:45,8:40,
2026-03-13,金,夕迎え,只津,溝口,車,707,なし,①香村慧 ②香村快 ③石原晴海 ④四宮鈴 ⑤富永日向 ⑥溝口一花 ⑦松岡蘭 ⑧寺田菫 ⑨園田柚真,17:40,18:40,
2026-03-13,金,朝送り,只津,溝口,車,707,なし,①松岡蘭 ②溝口一花 ③香村慧 ④富永日向 ⑤香村快 ⑥四宮鈴 ⑦石原晴海 ⑧園田柚真 ⑨寺田菫,7:45,8:40,
2026-03-14,土,夕迎え,只津,溝口,車,707,なし,①石原晴海 ②富永日向 ③西原早彩 ④香村慧 ⑤溝口一花 ⑥向井瑠華 ⑦向井永愛 ⑧香村快 ⑨園田柚真 ⑩寺田菫 ⑪園田葵,17:35,18:40,
2026-03-14,土,朝送り,只津,溝口,車,707,なし,①溝口一花 ②石原晴海 ③向井永愛 ④西原早彩 ⑤富永日向 ⑥香村快 ⑦向井瑠華 ⑧香村慧 ⑨園田柚真 ⑩園田葵 ⑪寺田菫,7:40,8:40,
2026-03-14,土,昼送り,只津,溝口,車,707,なし,①向井瑠華 ②溝口一花 ③西原早彩 ④寺田菫,12:40,13:20,
2026-03-15,日,夕迎え,只津,溝口,車,707,なし,①西原早彩 ②石原晴海 ③向井永愛 ④向井瑠華 ⑤園田葵 ⑥園田柚真,17:30,18:40,
2026-03-15,日,朝送り,只津,溝口,車,707,なし,①向井瑠華 ②西原早彩 ③石原晴海 ④向井永愛 ⑤園田柚真 ⑥園田葵,7:40,8:40,
2026-03-15,日,昼送り,只津,溝口,車,707,なし,①石原晴海 ②向井永愛 ③西原早彩,12:40,13:20,
2026-03-16,月,夕迎え,只津,溝口,車,707,なし,①西原早彩 ②藤崎柊威 ③溝口一花 ④小野凌来 ⑤寺田菫,17:35,18:40,
2026-03-16,月,朝送り,只津,溝口,車,707,なし,①小野凌来 ②西原早彩 ③藤崎柊威 ④溝口一花 ⑤寺田菫,7:40,8:45,
2026-03-17,火,夕迎え,只津,溝口,車,707,なし,①小野凌来 ②向井永愛 ③向井瑠華 ④富永日向 ⑤藤崎柊威 ⑥西原早彩 ⑦松岡蘭 ⑧四宮鈴 ⑨溝口一花 ⑩寺田菫 ⑪園田葵,17:35,18:40,
2026-03-17,火,朝送り,只津,溝口,車,707,なし,①富永日向 ②松岡蘭 ③向井永愛 ④四宮鈴 ⑤溝口一花 ⑥藤崎柊威 ⑦小野凌来 ⑧西原早彩 ⑨向井瑠華 ⑩寺田菫 ⑪園田葵,7:40,8:45,
2026-03-18,水,夕迎え,只津,溝口,車,707,なし,①富永日向 ②向井瑠華 ③香村快 ④向井永愛 ⑤溝口一花 ⑥松岡蘭 ⑦辻村優樹 ⑧香村慧 ⑨笠原英二次 ⑩四宮鈴 ⑪小野凌来 ⑫園田葵,17:40,18:40,
2026-03-18,水,朝送り,只津,溝口,車,707,なし,①溝口一花 ②香村快 ③富永日向 ④笠原英二次 ⑤辻村優樹 ⑥松岡蘭 ⑦向井永愛 ⑧香村慧 ⑨小野凌来 ⑩四宮鈴 ⑪向井瑠華 ⑫園田葵,7:50,8:40,
2026-03-19,木,夕迎え,只津,溝口,車,707,なし,①石原晴海 ②辻村優樹 ③向井瑠華 ④香村快 ⑤香村慧 ⑥向井永愛 ⑦富永日向 ⑧笠原英二次 ⑨松岡蘭 ⑩小野凌来 ⑪溝口一花 ⑫寺田菫,17:30,18:40,
2026-03-19,木,朝送り,只津,溝口,車,707,なし,①向井瑠華 ②向井永愛 ③笠原英二次 ④石原晴海 ⑤辻村優樹 ⑥小野凌来 ⑦香村慧 ⑧香村快 ⑨松岡蘭 ⑩富永日向 ⑪溝口一花 ⑫寺田菫,7:40,8:40,
2026-03-20,金,夕迎え,只津,溝口,車,707,なし,①深津 ②石原晴海 ③富永日向 ④向井瑠華 ⑤松岡蘭 ⑥香村慧 ⑦溝口一花 ⑧向井永愛 ⑨香村快 ⑩四宮鈴 ⑪寺田菫,17:30,18:40,
2026-03-20,金,朝送り,只津,溝口,車,707,なし,①富永日向 ②溝口一花 ③香村慧 ④石原晴海 ⑤香村快 ⑥向井瑠華 ⑦四宮鈴 ⑧向井永愛 ⑨深津 ⑩松岡蘭 ⑪寺田菫,7:50,8:40,
2026-03-21,土,夕迎え,只津,溝口,車,707,なし,①香村快 ②石原晴海 ③溝口一花 ④向井永愛 ⑤香村慧 ⑥向井瑠華 ⑦西原早彩 ⑧四宮鈴 ⑨深津 ⑩園田柚真 ⑪園田葵,17:40,18:40,
2026-03-21,土,朝送り,只津,溝口,車,707,なし,①四宮鈴 ②西原早彩 ③香村快 ④香村慧 ⑤向井永愛 ⑥石原晴海 ⑦向井瑠華 ⑧溝口一花 ⑨深津 ⑩園田葵 ⑪園田柚真,7:40,8:45,
2026-03-21,土,昼送り,只津,溝口,車,707,なし,①向井永愛 ②香村快 ③深津,12:40,13:20,
2026-03-22,日,夕迎え,只津,溝口,車,707,なし,①西原早彩 ②石原晴海 ③向井永愛 ④向井瑠華 ⑤園田葵 ⑥園田柚真,17:35,18:40,
2026-03-22,日,朝送り,只津,溝口,車,707,なし,①西原早彩 ②向井永愛 ③向井瑠華 ④石原晴海 ⑤園田柚真 ⑥園田葵,7:45,8:45,
2026-03-22,日,昼送り,只津,溝口,車,707,なし,①石原晴海 ②西原早彩 ③園田葵,12:40,13:20,
2026-03-23,月,夕迎え,只津,溝口,車,707,なし,①溝口一花 ②松岡蘭 ③西原早彩 ④小野凌来 ⑤寺田菫,17:30,18:40,
2026-03-23,月,朝送り,只津,溝口,車,707,なし,①松岡蘭 ②西原早彩 ③小野凌来 ④溝口一花 ⑤寺田菫,7:50,8:45,
2026-03-24,火,夕迎え,只津,溝口,車,707,なし,①四宮鈴 ②向井永愛 ③松岡蘭 ④小野凌来 ⑤西原早彩 ⑥溝口一花 ⑦富永日向 ⑧園田葵 ⑨寺田菫,17:40,18:40,
2026-03-24,火,朝送り,只津,溝口,車,707,なし,①西原早彩 ②溝口一花 ③松岡蘭 ④小野凌来 ⑤向井永愛 ⑥富永日向 ⑦四宮鈴 ⑧園田葵 ⑨寺田菫,7:45,8:40,
2026-03-25,水,夕迎え,只津,溝口,車,707,なし,①香村快 ②四宮鈴 ③小野凌来 ④香村慧 ⑤向井永愛 ⑥富永日向 ⑦松岡蘭 ⑧辻村優樹 ⑨園田葵,17:40,18:40,
2026-03-25,水,朝送り,只津,溝口,車,707,なし,①松岡蘭 ②辻村優樹 ③向井永愛 ④四宮鈴 ⑤香村慧 ⑥小野凌来 ⑦富永日向 ⑧香村快 ⑨園田葵,7:50,8:45,
2026-03-26,木,夕迎え,只津,溝口,車,707,なし,①辻村優樹 ②藤川結梨 ③四宮鈴 ④香村慧 ⑤向井瑠華 ⑥香村快 ⑦小野凌来 ⑧松岡蘭 ⑨富永日向,17:35,18:40,
2026-03-26,木,朝送り,只津,溝口,車,707,なし,①松岡蘭 ②向井瑠華 ③富永日向 ④香村慧 ⑤四宮鈴 ⑥辻村優樹 ⑦小野凌来 ⑧香村快 ⑨藤川結梨,7:50,8:40,
2026-03-27,金,夕迎え,只津,溝口,車,707,なし,①四宮鈴 ②松岡蘭 ③向井瑠華 ④香村慧 ⑤香村快 ⑥藤川結梨 ⑦富永日向,17:40,18:30,
2026-03-27,金,朝送り,只津,溝口,車,707,なし,①藤川結梨 ②富永日向 ③松岡蘭 ④向井瑠華 ⑤香村快 ⑥香村慧 ⑦四宮鈴,7:45,8:40,
2026-03-28,土,夕迎え,只津,溝口,車,707,なし,①向井永愛 ②香村快 ③富永日向 ④向井瑠華 ⑤石原晴海 ⑥西原早彩 ⑦松岡蘭 ⑧香村慧 ⑨園田柚真 ⑩寺田菫 ⑪園田葵,17:30,18:40,
2026-03-28,土,朝送り,只津,溝口,車,707,なし,①香村慧 ②松岡蘭 ③向井瑠華 ④石原晴海 ⑤向井永愛 ⑥香村快 ⑦西原早彩 ⑧富永日向 ⑨寺田菫 ⑩園田葵 ⑪園田柚真,7:40,8:40,
2026-03-28,土,昼送り,只津,溝口,車,707,なし,①松岡蘭 ②向井瑠華 ③香村慧 ④石原晴海 ⑤向井永愛 ⑥園田柚真 ⑦寺田菫,12:40,13:20,
2026-03-29,日,夕迎え,只津,溝口,車,707,なし,①向井永愛 ②向井瑠華 ③四宮鈴 ④石原晴海 ⑤松岡蘭 ⑥富永日向 ⑦西原早彩 ⑧寺田菫 ⑨園田葵 ⑩園田柚真,17:35,18:40,
2026-03-29,日,朝送り,只津,溝口,車,707,なし,①石原晴海 ②向井永愛 ③松岡蘭 ④富永日向 ⑤西原早彩 ⑥向井瑠華 ⑦四宮鈴 ⑧園田柚真 ⑨寺田菫 ⑩園田葵,7:40,8:45,
2026-03-29,日,昼送り,只津,溝口,車,707,なし,①向井瑠華 ②石原晴海 ③西原早彩 ④松岡蘭 ⑤富永日向 ⑥園田柚真,12:40,13:20,
2026-03-30,月,夕迎え,只津,溝口,車,707,なし,①富永日向 ②小野凌来 ③松岡蘭 ④四宮鈴 ⑤西原早彩 ⑥園田葵,17:30,18:40,
2026-03-30,月,朝送り,只津,溝口,車,707,なし,①西原早彩 ②四宮鈴 ③小野凌来 ④富永日向 ⑤松岡蘭 ⑥園田葵,7:40,8:45,
2026-03-31,火,夕迎え,只津,溝口,車,707,なし,①四宮鈴 ②小野凌来 ③富永日向 ④松岡蘭 ⑤園田葵,17:35,18:40,
2026-03-31,火,朝送り,只津,溝口,車,707,なし,①小野凌来 ②富永日向 ③松岡蘭 ④四宮鈴 ⑤園田葵,7:45,8:40,
