п»ҝж—Ҙд»ҳ,еҸ—зөҰиҖ…иЁјз•ӘеҸ·,е…җз«ҘеҗҚ,17:00,18:00,19:00,20:00,21:00,22:00,23:00,0:00,1:00,2:00,3:00,4:00,5:00,6:00,7:00,8:00,12:30,зқЎзң (21:00),зқЎзң (4:00),зқЎзң (7:00)
2025-04-01,9200364314,жәқеҸЈдёҖиҠұ,в—Ӣ,в—Ӣ,в—Ӣ,в—Ӣ,в—Ӣ,в—Ӣ,в—Ӣ,в—Ӣ,в—Ӣ,в—Ӣ,в—Ӣ,в—Ӣ,в—Ӣ,в—Ӣ,в—Ӣ,в—Ӣ,в—Ӣ,в—Ӣ,Г—,в—Ӣ
2025-04-02,9200364314,жәқеҸЈдёҖиҠұ,в—Ӣ,в—Ӣ,в—Ӣ,в—Ӣ,в—Ӣ,в—Ӣ,в—Ӣ,в—Ӣ,в—Ӣ,в—Ӣ,в—Ӣ,в—Ӣ,в—Ӣ,в—Ӣ,в—Ӣ,в—Ӣ,вҲ’,в—Ӣ,Г—,в—Ӣ
2025-04-03,9200364314,жәқеҸЈдёҖиҠұ,в—Ӣ,в—Ӣ,в—Ӣ,в—Ӣ,в—Ӣ,в—Ӣ,в—Ӣ,в—Ӣ,в—Ӣ,в—Ӣ,в—Ӣ,в—Ӣ,в—Ӣ,в—Ӣ,в—Ӣ,в—Ӣ,вҲ’,в—Ӣ,в—Ӣ,в—Ӣ
2025-04-06,9200364314,жәқеҸЈдёҖиҠұ,в—Ӣ,в—Ӣ,Г—,в—Ӣ,в—Ӣ,в—Ӣ,в—Ӣ,в—Ӣ,в—Ӣ,в—Ӣ,в—Ӣ,в—Ӣ,в—Ӣ,в—Ӣ,в—Ӣ,в—Ӣ,в—Ӣ,в—Ӣ,в—Ӣ,Г—
2025-04-07,9200364314,жәқеҸЈдёҖиҠұ,в—Ӣ,в—Ӣ,в—Ӣ,в—Ӣ,в—Ӣ,в—Ӣ,в—Ӣ,в—Ӣ,в—Ӣ,в—Ӣ,в—Ӣ,в—Ӣ,Г—,в—Ӣ,в—Ӣ,в—Ӣ,вҲ’,в—Ӣ,Г—,в—Ӣ
2025-04-08,9200364314,жәқеҸЈдёҖиҠұ,в—Ӣ,в—Ӣ,в—Ӣ,в—Ӣ,в—Ӣ,в—Ӣ,в—Ӣ,в—Ӣ,в—Ӣ,в—Ӣ,в—Ӣ,в—Ӣ,Г—,в—Ӣ,в—Ӣ,в—Ӣ,в—Ӣ,в—Ӣ,в—Ӣ,в—Ӣ
2025-04-09,9200364314,жәқеҸЈдёҖиҠұ,в—Ӣ,в—Ӣ,в—Ӣ,в—Ӣ,в—Ӣ,в—Ӣ,в—Ӣ,в—Ӣ,в—Ӣ,в—Ӣ,в—Ӣ,в—Ӣ,в—Ӣ,в—Ӣ,в—Ӣ,в—Ӣ,вҲ’,Г—,Г—,Г—
2025-04-10,9200364314,жәқеҸЈдёҖиҠұ,в—Ӣ,в—Ӣ,в—Ӣ,в—Ӣ,в—Ӣ,в—Ӣ,в—Ӣ,в—Ӣ,в—Ӣ,в—Ӣ,в—Ӣ,в—Ӣ,Г—,в—Ӣ,в—Ӣ,в—Ӣ,вҲ’,в—Ӣ,в—Ӣ,в—Ӣ
2025-04-13,9200364314,жәқеҸЈдёҖиҠұ,в—Ӣ,в—Ӣ,в—Ӣ,в—Ӣ,в—Ӣ,в—Ӣ,в—Ӣ,в—Ӣ,в—Ӣ,в—Ӣ,в—Ӣ,в—Ӣ,в—Ӣ,в—Ӣ,в—Ӣ,в—Ӣ,в—Ӣ,в—Ӣ,в—Ӣ,в—Ӣ
2025-04-14,9200364314,жәқеҸЈдёҖиҠұ,в—Ӣ,в—Ӣ,в—Ӣ,в—Ӣ,в—Ӣ,в—Ӣ,в—Ӣ,в—Ӣ,в—Ӣ,в—Ӣ,в—Ӣ,Г—,в—Ӣ,в—Ӣ,в—Ӣ,в—Ӣ,в—Ӣ,в—Ӣ,в—Ӣ,в—Ӣ
2025-04-16,9200364314,жәқеҸЈдёҖиҠұ,в—Ӣ,в—Ӣ,в—Ӣ,в—Ӣ,в—Ӣ,в—Ӣ,в—Ӣ,в—Ӣ,в—Ӣ,в—Ӣ,в—Ӣ,в—Ӣ,в—Ӣ,в—Ӣ,в—Ӣ,в—Ӣ,вҲ’,в—Ӣ,Г—,в—Ӣ
2025-04-17,9200364314,жәқеҸЈдёҖиҠұ,в—Ӣ,в—Ӣ,в—Ӣ,в—Ӣ,в—Ӣ,в—Ӣ,в—Ӣ,в—Ӣ,в—Ӣ,в—Ӣ,в—Ӣ,в—Ӣ,в—Ӣ,в—Ӣ,в—Ӣ,Г—,вҲ’,Г—,в—Ӣ,в—Ӣ
2025-04-20,9200364314,жәқеҸЈдёҖиҠұ,в—Ӣ,в—Ӣ,в—Ӣ,в—Ӣ,в—Ӣ,в—Ӣ,в—Ӣ,в—Ӣ,в—Ӣ,в—Ӣ,в—Ӣ,в—Ӣ,в—Ӣ,в—Ӣ,в—Ӣ,в—Ӣ,в—Ӣ,Г—,в—Ӣ,в—Ӣ
2025-04-21,9200364314,жәқеҸЈдёҖиҠұ,в—Ӣ,в—Ӣ,в—Ӣ,в—Ӣ,в—Ӣ,в—Ӣ,в—Ӣ,в—Ӣ,в—Ӣ,в—Ӣ,Г—,в—Ӣ,в—Ӣ,в—Ӣ,в—Ӣ,в—Ӣ,вҲ’,в—Ӣ,в—Ӣ,в—Ӣ
2025-04-22,9200364314,жәқеҸЈдёҖиҠұ,в—Ӣ,в—Ӣ,в—Ӣ,в—Ӣ,в—Ӣ,в—Ӣ,в—Ӣ,в—Ӣ,в—Ӣ,в—Ӣ,в—Ӣ,в—Ӣ,в—Ӣ,в—Ӣ,в—Ӣ,в—Ӣ,в—Ӣ,в—Ӣ,в—Ӣ,Г—
2025-04-23,9200364314,жәқеҸЈдёҖиҠұ,Г—,в—Ӣ,в—Ӣ,в—Ӣ,в—Ӣ,в—Ӣ,в—Ӣ,в—Ӣ,в—Ӣ,в—Ӣ,в—Ӣ,в—Ӣ,в—Ӣ,в—Ӣ,в—Ӣ,в—Ӣ,вҲ’,в—Ӣ,в—Ӣ,в—Ӣ
2025-04-24,9200364314,жәқеҸЈдёҖиҠұ,в—Ӣ,в—Ӣ,в—Ӣ,в—Ӣ,в—Ӣ,в—Ӣ,в—Ӣ,в—Ӣ,в—Ӣ,в—Ӣ,в—Ӣ,в—Ӣ,в—Ӣ,в—Ӣ,в—Ӣ,в—Ӣ,вҲ’,в—Ӣ,в—Ӣ,в—Ӣ
2025-04-28,9200364314,жәқеҸЈдёҖиҠұ,в—Ӣ,в—Ӣ,в—Ӣ,в—Ӣ,в—Ӣ,в—Ӣ,в—Ӣ,в—Ӣ,в—Ӣ,в—Ӣ,в—Ӣ,в—Ӣ,в—Ӣ,в—Ӣ,в—Ӣ,в—Ӣ,вҲ’,Г—,в—Ӣ,в—Ӣ
2025-04-29,9200364314,жәқеҸЈдёҖиҠұ,в—Ӣ,в—Ӣ,в—Ӣ,в—Ӣ,в—Ӣ,в—Ӣ,в—Ӣ,в—Ӣ,в—Ӣ,в—Ӣ,в—Ӣ,в—Ӣ,в—Ӣ,в—Ӣ,в—Ӣ,в—Ӣ,вҲ’,в—Ӣ,в—Ӣ,в—Ӣ
2025-04-30,9200364314,жәқеҸЈдёҖиҠұ,в—Ӣ,в—Ӣ,в—Ӣ,в—Ӣ,в—Ӣ,в—Ӣ,в—Ӣ,в—Ӣ,в—Ӣ,в—Ӣ,в—Ӣ,в—Ӣ,в—Ӣ,в—Ӣ,в—Ӣ,в—Ӣ,вҲ’,в—Ӣ,в—Ӣ,в—Ӣ
